Product_name,Brand,Rating,No_Rating,key_benefits_list,key_indregents_list
Dr Willmar Schwabe India Berberis Aquifolium Mother Tincture Q,Dr Willmar Schwabe India Pvt Ltd,4.3,684,eyes,Berberis Aquifolium
Dr Willmar Schwabe Germany Cineraria Maritima Without Alcohol Eye Drop,Dr Willmar Schwabe India Pvt Ltd,4.6,1148,eyes,Seneciobicolor (cineraria maritima)
Dr Batra's Homeo+ Immunity Medicine Oral Drops (30ml Each),Dr Batra Positive Health Products Limited,0,0,immunity,Thuja
SBL Arnica Montana Herbal Shampoo with TJC,SBL Pvt Ltd,4.4,679,hair,Jaborandi
Boericke and Tafel Arnica Shampoo,Dr Willmar Schwabe India Pvt Ltd,4.3,229,hair,Arnica
Dr. Reckeweg R78 Eye Care Drop,Dr Reckeweg & Co,4.4,103,eyes,Belladonna
Bjain Omeo Ear Drop,Bjain Pharmaceuticals Pvt Ltd,0,0,ears,Calendula officinalis 0.30ml
Bakson's Vitamin D Plus Capsule,Bakson's Homeopathy,4.4,116,immunity,Vitamin D
Hapdco Rheumacon Pain Relief Oil,HAPDCO,4.3,156,joint,Arnica
Fourrts Gum Forte Gel Homoeopathic Toothpaste,Fourrts India Laboratories Pvt Ltd,4.6,167,ears,Plantago Q
Dr Batra's Homeo+ Immunity Medicine Oral Drops (30ml Each),Dr Batra Positive Health Products Limited,0,0,immunity,Thuja
SBL Jaborandi Hair Oil,SBL Pvt Ltd,4.3,243,hair,Jaborandi herb
SBL Cineraria Maritima 10% Eye Drop,SBL Pvt Ltd,4.5,228,improve poor night vision,Aqua Distilled
ADEL Diacard Gold Madaus Drop Homeopathic Medicine,Adel Pekana Germany,4.6,315,heart,Cactus grandiflorus.2X
Bjain Guatteria Gaumeri Drop,Bjain Pharmaceuticals Pvt Ltd,4.6,213,fat,Guatteria Gaumeri
Bjain Guatteria Gaumeri Drop,Bjain Pharmaceuticals Pvt Ltd,4.6,213,fat,Guatteria Gaumeri
SBL Sarracenia Purpurea Dilution 1000 CH,SBL Pvt Ltd,4.8,24,eyes,hypercholesterolemia
Dr. Reckeweg Calcarea Phosphorica Biochemic Tablet 6X,Dr Reckeweg & Co,4.7,797,ears,Calcarea phos
Dr Batra's Homeo+ Immunity Medicine Oral Drops (30ml Each),Dr Batra Positive Health Products Limited,0,0,immunity,Thuja
Dr. Reckeweg R41 Sexual Neurasthenia Drop,Dr Reckeweg & Co,4.1,974,fat,Acidum phosphoricum
Dr. Reckeweg R89 Hair Care Drop,Dr Reckeweg & Co,4.3,1113,hair, Juglans
Bakson's Y-Lax Tablet,Bakson's Homeopathy,4.5,586,body pain,Senna
Bjain Avena Sativa Mother Tincture Q,Bjain Pharmaceuticals Pvt Ltd,4.4,52,weakness,Avena Sativa
Dr Willmar Schwabe India Thyroidinum Trituration Tablet 3X,Dr Willmar Schwabe India Pvt Ltd,4.5,276,eyes,Thyroidinum 3X
SBL Stobal Cough Syrup,SBL Pvt Ltd,4.6,1159,cough,Pulsatilla Nigricans 3
Dr. Reckeweg Berberis Vul Mother Tincture Q,Dr Reckeweg & Co,4.5,621,body pain,Berberis vulgaris
Dr Batra's Homeo+ Immunity Medicine Oral Drops (30ml Each),Dr Batra Positive Health Products Limited,0,0,immunity,Thuja
Dr. Reckeweg R73 Joint Pain Drop,Dr Reckeweg & Co,4.5,564,joint,Arnica
Bakson's Y-Lax Tablet,Bakson's Homeopathy,4.5,586,body pain,Senna
Dr Willmar Schwabe India Damiaplant Drop,Dr Willmar Schwabe India Pvt Ltd,4,578,depression,Nuphar luteum 2x
Bjain Omeo Allergy Tablet,Bjain Pharmaceuticals Pvt Ltd,4.1,42,eyes,Ferrum phosphoricum
SBL Arnica Montana Hair Oil with Tjc,SBL Pvt Ltd,4.4,555,hair,Thuja
Bakson's Throat Aid Tablet,Bakson's Homeopathy,4.5,422,cough,Ferrum phosphoricum
SBL Scalptone Tablet,SBL Pvt Ltd,4.3,305,hair,Calcarea phos
Bjain Omeo Mouth Ulcer Tablet,Bjain Pharmaceuticals Pvt Ltd,4.4,48,depression,Verbascum thapsus 0.10ml
SBL Nux Vomica Dilution 30 CH,SBL Pvt Ltd,4.6,1877,eyes,Nux Vomica
SBL Clearstone Drop,SBL Pvt Ltd,4.5,762,body pain,Berberis vulgaris
Bakson's Aller Aid Tablet,Bakson's Homeopathy,4.5,534,heart,Ferrum phosphoricum
Bjain Lycopodium Clavatum Dilution 200 CH,Bjain Pharmaceuticals Pvt Ltd,4.7,45,body pain,Lycopodium clavatum
Bakson's Aller Aid Tablet,Bakson's Homeopathy,4.5,534,heart,Ferrum phosphoricum
Dr. Reckeweg R13 Hemorrhoidal Drop,Dr Reckeweg & Co,4.4,557,body pain,Acidum nitricum
Bhargava Spondin Drop,Bhargava Phytolab,4.6,902,body pain,Cuprum metallicium 6X
Bjain Baryta Carbonica Dilution 30 CH,Bjain Pharmaceuticals Pvt Ltd,4.8,29,weakness,Baryta Carb
SBL Berberis Vulgaris Mother Tincture Q,SBL Pvt Ltd,4.6,689,body pain,Berberis vulgaris
Dr. Reckeweg R40 Diabetes Drop Homeopathic Medicine,Dr Reckeweg & Co,4.5,437,weakness,Acidum phosphoricum
SBL Kali Phosphoricum Biochemic Tablet 6X,SBL Pvt Ltd,4.6,933,fat,Cornutum
Bjain Phytolacca Berry Mother Tincture Q,Bjain Pharmaceuticals Pvt Ltd,4.6,42,fat,Kali phosphorica.
Dr Willmar Schwabe Germany Cineraria Maritima Schwabe Eye Drop Alcohol Free,Dr Willmar Schwabe India Pvt Ltd,4.5,74,eyes,Phytolacca Berry
SBL Calcarea Fluorica Biochemic Tablet 6X,SBL Pvt Ltd,4.5,949,joint,Phytolacca Berry
Bakson's Rheum Aid Tablet,Bakson's Homeopathy,4.6,141,joint,Calcarea phos
Bjain Terminalia Arjuna Mother Tincture Q,Bjain Pharmaceuticals Pvt Ltd,4.7,91,heart,Calcarea phos
SBL Arnica Montana Dilution 200 CH,SBL Pvt Ltd,4.6,1677,eyes,Calcarea phos
SBL Syzygium Jambolanum Mother Tincture Q,SBL Pvt Ltd,4.6,807,fat,Calcarea phos
Dr Willmar Schwabe India Berberis Aquifolium Mother Tincture Q,Dr Willmar Schwabe India Pvt Ltd,4.3,684,eyes,Calcarea phos
Dr Willmar Schwabe Germany Cineraria Maritima Without Alcohol Eye Drop,Dr Willmar Schwabe India Pvt Ltd,4.6,1148,eyes,Seneciobicolor (cineraria maritima)
Dr Batra's Homeo+ Immunity Medicine Oral Drops (30ml Each),Dr Batra Positive Health Products Limited,0,0,immunity,Thuja
SBL Arnica Montana Herbal Shampoo with TJC,SBL Pvt Ltd,4.4,679,hair,Calcarea phos
Boericke and Tafel Arnica Shampoo,Dr Willmar Schwabe India Pvt Ltd,4.3,229,hair,Arnica
Dr. Reckeweg R78 Eye Care Drop,Dr Reckeweg & Co,4.4,103,eyes,Belladonna
Bjain Omeo Ear Drop,Bjain Pharmaceuticals Pvt Ltd,0,0,ears,Calendula officinalis 0.30ml
Bakson's Vitamin D Plus Capsule,Bakson's Homeopathy,4.4,116,immunity,Vitamin D
Hapdco Rheumacon Pain Relief Oil,HAPDCO,4.3,156,joint,Arnica
Fourrts Gum Forte Gel Homoeopathic Toothpaste,Fourrts India Laboratories Pvt Ltd,4.6,167,ears,Plantago Q
Dr Batra's Homeo+ Immunity Medicine Oral Drops (30ml Each),Dr Batra Positive Health Products Limited,0,0,immunity,Thuja
SBL Jaborandi Hair Oil,SBL Pvt Ltd,4.3,243,hair,Jaborandi herb
SBL Cineraria Maritima 10% Eye Drop,SBL Pvt Ltd,4.5,228,improve poor night vision,Aqua Distilled
ADEL Diacard Gold Madaus Drop Homeopathic Medicine,Adel Pekana Germany,4.6,315,heart,Cactus grandiflorus.2X
Bjain Guatteria Gaumeri Drop,Bjain Pharmaceuticals Pvt Ltd,4.6,213,fat,Guatteria Gaumeri
Bjain Guatteria Gaumeri Drop,Bjain Pharmaceuticals Pvt Ltd,4.6,213,fat,Guatteria Gaumeri
SBL Sarracenia Purpurea Dilution 1000 CH,SBL Pvt Ltd,4.8,24,eyes,Calcarea phos
Dr. Reckeweg Calcarea Phosphorica Biochemic Tablet 6X,Dr Reckeweg & Co,4.7,797,ears,Calcarea phos
Dr Batra's Homeo+ Immunity Medicine Oral Drops (30ml Each),Dr Batra Positive Health Products Limited,0,0,immunity,Thuja
Dr. Reckeweg R41 Sexual Neurasthenia Drop,Dr Reckeweg & Co,4.1,974,fat,Acidum phosphoricum
Dr. Reckeweg R89 Hair Care Drop,Dr Reckeweg & Co,4.3,1113,hair, Juglans
Bakson's Y-Lax Tablet,Bakson's Homeopathy,4.5,586,body pain,Senna
Bjain Avena Sativa Mother Tincture Q,Bjain Pharmaceuticals Pvt Ltd,4.4,52,weakness,Avena Sativa
Dr Willmar Schwabe India Thyroidinum Trituration Tablet 3X,Dr Willmar Schwabe India Pvt Ltd,4.5,276,eyes,Thyroidinum 3X
SBL Stobal Cough Syrup,SBL Pvt Ltd,4.6,1159,cough,Berberis vulgaris
Dr. Reckeweg Berberis Vul Mother Tincture Q,Dr Reckeweg & Co,4.5,621,body pain,Berberis vulgaris
Dr Batra's Homeo+ Immunity Medicine Oral Drops (30ml Each),Dr Batra Positive Health Products Limited,0,0,immunity,Thuja
Dr. Reckeweg R73 Joint Pain Drop,Dr Reckeweg & Co,4.5,564,joint,Arnica
Bakson's Y-Lax Tablet,Bakson's Homeopathy,4.5,586,body pain,Senna
Dr Willmar Schwabe India Damiaplant Drop,Dr Willmar Schwabe India Pvt Ltd,4,578,depression,Berberis vulgaris
Bjain Omeo Allergy Tablet,Bjain Pharmaceuticals Pvt Ltd,4.1,42,eyes,Ferrum phosphoricum
SBL Arnica Montana Hair Oil with Tjc,SBL Pvt Ltd,4.4,555,hair,Thuja
Bakson's Throat Aid Tablet,Bakson's Homeopathy,4.5,422,cough,Ferrum phosphoricum
SBL Scalptone Tablet,SBL Pvt Ltd,4.3,305,hair,Calcarea phos
Bjain Omeo Mouth Ulcer Tablet,Bjain Pharmaceuticals Pvt Ltd,4.4,48,depression,Verbascum thapsus 0.10ml
SBL Nux Vomica Dilution 30 CH,SBL Pvt Ltd,4.6,1877,eyes,Ferrum phosphoricum
SBL Clearstone Drop,SBL Pvt Ltd,4.5,762,body pain,Berberis vulgaris
Bakson's Aller Aid Tablet,Bakson's Homeopathy,4.5,534,heart,Ferrum phosphoricum
Bjain Lycopodium Clavatum Dilution 200 CH,Bjain Pharmaceuticals Pvt Ltd,4.7,45,body pain,Lycopodium clavatum
Bakson's Aller Aid Tablet,Bakson's Homeopathy,4.5,534,heart,Ferrum phosphoricum
Dr. Reckeweg R13 Hemorrhoidal Drop,Dr Reckeweg & Co,4.4,557,body pain,Acidum nitricum
Bhargava Spondin Drop,Bhargava Phytolab,4.6,902,body pain,Cuprum metallicium 6X
Bjain Baryta Carbonica Dilution 30 CH,Bjain Pharmaceuticals Pvt Ltd,4.8,29,weakness,Baryta Carb
SBL Berberis Vulgaris Mother Tincture Q,SBL Pvt Ltd,4.6,689,body pain,Cuprum metallicium 6X
Dr. Reckeweg R40 Diabetes Drop Homeopathic Medicine,Dr Reckeweg & Co,4.5,437,weakness,Acidum phosphoricum
SBL Kali Phosphoricum Biochemic Tablet 6X,SBL Pvt Ltd,4.6,933,fat,Belladonna
Bjain Phytolacca Berry Mother Tincture Q,Bjain Pharmaceuticals Pvt Ltd,4.6,42,fat,Belladonna
Dr Willmar Schwabe Germany Cineraria Maritima Schwabe Eye Drop Alcohol Free,Dr Willmar Schwabe India Pvt Ltd,4.5,74,eyes,Belladonna
SBL Calcarea Fluorica Biochemic Tablet 6X,SBL Pvt Ltd,4.5,949,joint,Belladonna
Bakson's Rheum Aid Tablet,Bakson's Homeopathy,4.6,141,joint,Calcarea phos
Bjain Terminalia Arjuna Mother Tincture Q,Bjain Pharmaceuticals Pvt Ltd,4.7,91,heart,Calendula officinalis 0.30ml
SBL Arnica Montana Dilution 200 CH,SBL Pvt Ltd,4.6,1677,eyes,Calendula officinalis 0.30ml
SBL Syzygium Jambolanum Mother Tincture Q,SBL Pvt Ltd,4.6,807,fat,Calendula officinalis 0.30ml
Dr Willmar Schwabe India Berberis Aquifolium Mother Tincture Q,Dr Willmar Schwabe India Pvt Ltd,4.3,684,eyes,Calendula officinalis 0.30ml
Dr Willmar Schwabe Germany Cineraria Maritima Without Alcohol Eye Drop,Dr Willmar Schwabe India Pvt Ltd,4.6,1148,eyes,Seneciobicolor (cineraria maritima)
Dr Batra's Homeo+ Immunity Medicine Oral Drops (30ml Each),Dr Batra Positive Health Products Limited,0,0,immunity,Thuja
SBL Arnica Montana Herbal Shampoo with TJC,SBL Pvt Ltd,4.4,679,hair,Jaborandi herb
Boericke and Tafel Arnica Shampoo,Dr Willmar Schwabe India Pvt Ltd,4.3,229,hair,Arnica
Dr. Reckeweg R78 Eye Care Drop,Dr Reckeweg & Co,4.4,103,eyes,Belladonna
Bjain Omeo Ear Drop,Bjain Pharmaceuticals Pvt Ltd,0,0,ears,Calendula officinalis 0.30ml
Bakson's Vitamin D Plus Capsule,Bakson's Homeopathy,4.4,116,immunity,Vitamin D
Hapdco Rheumacon Pain Relief Oil,HAPDCO,4.3,156,joint,Arnica
Fourrts Gum Forte Gel Homoeopathic Toothpaste,Fourrts India Laboratories Pvt Ltd,4.6,167,ears,Plantago Q
Dr Batra's Homeo+ Immunity Medicine Oral Drops (30ml Each),Dr Batra Positive Health Products Limited,0,0,immunity,Thuja
SBL Jaborandi Hair Oil,SBL Pvt Ltd,4.3,243,hair,Jaborandi herb
SBL Cineraria Maritima 10% Eye Drop,SBL Pvt Ltd,4.5,228,improve poor night vision,Aqua Distilled
ADEL Diacard Gold Madaus Drop Homeopathic Medicine,Adel Pekana Germany,4.6,315,heart,Cactus grandiflorus.2X
Bjain Guatteria Gaumeri Drop,Bjain Pharmaceuticals Pvt Ltd,4.6,213,fat,Guatteria Gaumeri
Bjain Guatteria Gaumeri Drop,Bjain Pharmaceuticals Pvt Ltd,4.6,213,fat,Guatteria Gaumeri
SBL Sarracenia Purpurea Dilution 1000 CH,SBL Pvt Ltd,4.8,24,eyes,Thuja
Dr. Reckeweg Calcarea Phosphorica Biochemic Tablet 6X,Dr Reckeweg & Co,4.7,797,ears,Calcarea phos
Dr Batra's Homeo+ Immunity Medicine Oral Drops (30ml Each),Dr Batra Positive Health Products Limited,0,0,immunity,Thuja
Dr. Reckeweg R41 Sexual Neurasthenia Drop,Dr Reckeweg & Co,4.1,974,fat,Acidum phosphoricum
Dr. Reckeweg R89 Hair Care Drop,Dr Reckeweg & Co,4.3,1113,hair, Juglans
Bakson's Y-Lax Tablet,Bakson's Homeopathy,4.5,586,body pain,Senna
Bjain Avena Sativa Mother Tincture Q,Bjain Pharmaceuticals Pvt Ltd,4.4,52,weakness,Acidum phosphoricum
Dr Willmar Schwabe India Thyroidinum Trituration Tablet 3X,Dr Willmar Schwabe India Pvt Ltd,4.5,276,eyes,Thyroidinum 3X
SBL Stobal Cough Syrup,SBL Pvt Ltd,4.6,1159,cough,Thuja
Dr. Reckeweg Berberis Vul Mother Tincture Q,Dr Reckeweg & Co,4.5,621,body pain,Berberis vulgaris
Dr Batra's Homeo+ Immunity Medicine Oral Drops (30ml Each),Dr Batra Positive Health Products Limited,0,0,immunity,Thuja
Dr. Reckeweg R73 Joint Pain Drop,Dr Reckeweg & Co,4.5,564,joint,Arnica
Bakson's Y-Lax Tablet,Bakson's Homeopathy,4.5,586,body pain,Senna
Dr Willmar Schwabe India Damiaplant Drop,Dr Willmar Schwabe India Pvt Ltd,4,578,depression,Thuja
Bjain Omeo Allergy Tablet,Bjain Pharmaceuticals Pvt Ltd,4.1,42,eyes,Ferrum phosphoricum
SBL Arnica Montana Hair Oil with Tjc,SBL Pvt Ltd,4.4,555,hair,Thuja
Bakson's Throat Aid Tablet,Bakson's Homeopathy,4.5,422,cough,Ferrum phosphoricum
SBL Scalptone Tablet,SBL Pvt Ltd,4.3,305,hair,Calcarea phos
Bjain Omeo Mouth Ulcer Tablet,Bjain Pharmaceuticals Pvt Ltd,4.4,48,depression,Verbascum thapsus 0.10ml
SBL Nux Vomica Dilution 30 CH,SBL Pvt Ltd,4.6,1877,eyes,Berberis vulgaris
SBL Clearstone Drop,SBL Pvt Ltd,4.5,762,body pain,Berberis vulgaris
Bakson's Aller Aid Tablet,Bakson's Homeopathy,4.5,534,heart,Ferrum phosphoricum
Bjain Lycopodium Clavatum Dilution 200 CH,Bjain Pharmaceuticals Pvt Ltd,4.7,45,body pain,Lycopodium clavatum
Bakson's Aller Aid Tablet,Bakson's Homeopathy,4.5,534,heart,Ferrum phosphoricum
Dr. Reckeweg R13 Hemorrhoidal Drop,Dr Reckeweg & Co,4.4,557,body pain,Acidum nitricum
Bhargava Spondin Drop,Bhargava Phytolab,4.6,902,body pain,Cuprum metallicium 6X
Bjain Baryta Carbonica Dilution 30 CH,Bjain Pharmaceuticals Pvt Ltd,4.8,29,weakness,Baryta Carb
SBL Berberis Vulgaris Mother Tincture Q,SBL Pvt Ltd,4.6,689,body pain,Acidum phosphoricum
Dr. Reckeweg R40 Diabetes Drop Homeopathic Medicine,Dr Reckeweg & Co,4.5,437,weakness,Acidum phosphoricum
SBL Kali Phosphoricum Biochemic Tablet 6X,SBL Pvt Ltd,4.6,933,fat,Calcarea phos
Bjain Phytolacca Berry Mother Tincture Q,Bjain Pharmaceuticals Pvt Ltd,4.6,42,fat,Calcarea phos
Dr Willmar Schwabe Germany Cineraria Maritima Schwabe Eye Drop Alcohol Free,Dr Willmar Schwabe India Pvt Ltd,4.5,74,eyes,Calcarea phos
SBL Calcarea Fluorica Biochemic Tablet 6X,SBL Pvt Ltd,4.5,949,joint,Calcarea phos
Bakson's Rheum Aid Tablet,Bakson's Homeopathy,4.6,141,joint,Calcarea phos
Bjain Terminalia Arjuna Mother Tincture Q,Bjain Pharmaceuticals Pvt Ltd,4.7,91,heart,Thuja
SBL Arnica Montana Dilution 200 CH,SBL Pvt Ltd,4.6,1677,eyes,Thuja
SBL Syzygium Jambolanum Mother Tincture Q,SBL Pvt Ltd,4.6,807,fat,Thuja
Dr Willmar Schwabe India Berberis Aquifolium Mother Tincture Q,Dr Willmar Schwabe India Pvt Ltd,4.3,684,eyes,Thuja
Dr Willmar Schwabe Germany Cineraria Maritima Without Alcohol Eye Drop,Dr Willmar Schwabe India Pvt Ltd,4.6,1148,eyes,Thuja
Dr Batra's Homeo+ Immunity Medicine Oral Drops (30ml Each),Dr Batra Positive Health Products Limited,0,0,immunity,Thuja
SBL Arnica Montana Herbal Shampoo with TJC,SBL Pvt Ltd,4.4,679,hair,Belladonna
Boericke and Tafel Arnica Shampoo,Dr Willmar Schwabe India Pvt Ltd,4.3,229,hair,Arnica
Dr. Reckeweg R78 Eye Care Drop,Dr Reckeweg & Co,4.4,103,eyes,Belladonna
Bjain Omeo Ear Drop,Bjain Pharmaceuticals Pvt Ltd,0,0,ears,Calendula officinalis 0.30ml
Bakson's Vitamin D Plus Capsule,Bakson's Homeopathy,4.4,116,immunity,Vitamin D
Hapdco Rheumacon Pain Relief Oil,HAPDCO,4.3,156,joint,Arnica
Fourrts Gum Forte Gel Homoeopathic Toothpaste,Fourrts India Laboratories Pvt Ltd,4.6,167,ears,Plantago Q
Dr Batra's Homeo+ Immunity Medicine Oral Drops (30ml Each),Dr Batra Positive Health Products Limited,0,0,immunity,Thuja
SBL Jaborandi Hair Oil,SBL Pvt Ltd,4.3,243,hair,Jaborandi herb
SBL Cineraria Maritima 10% Eye Drop,SBL Pvt Ltd,4.5,228,improve poor night vision,Aqua Distilled
ADEL Diacard Gold Madaus Drop Homeopathic Medicine,Adel Pekana Germany,4.6,315,heart,Cactus grandiflorus.2X
Bjain Guatteria Gaumeri Drop,Bjain Pharmaceuticals Pvt Ltd,4.6,213,fat,Guatteria Gaumeri
Bjain Guatteria Gaumeri Drop,Bjain Pharmaceuticals Pvt Ltd,4.6,213,fat,Guatteria Gaumeri
SBL Sarracenia Purpurea Dilution 1000 CH,SBL Pvt Ltd,4.8,24,eyes,Acidum phosphoricum
Dr. Reckeweg Calcarea Phosphorica Biochemic Tablet 6X,Dr Reckeweg & Co,4.7,797,ears,Calcarea phos
Dr Batra's Homeo+ Immunity Medicine Oral Drops (30ml Each),Dr Batra Positive Health Products Limited,0,0,immunity,Thuja
Dr. Reckeweg R41 Sexual Neurasthenia Drop,Dr Reckeweg & Co,4.1,974,fat,Acidum phosphoricum
Dr. Reckeweg R89 Hair Care Drop,Dr Reckeweg & Co,4.3,1113,hair, Juglans
Bakson's Y-Lax Tablet,Bakson's Homeopathy,4.5,586,body pain,Senna
Bjain Avena Sativa Mother Tincture Q,Bjain Pharmaceuticals Pvt Ltd,4.4,52,weakness,Avena Sativa
Dr Willmar Schwabe India Thyroidinum Trituration Tablet 3X,Dr Willmar Schwabe India Pvt Ltd,4.5,276,eyes,Thyroidinum 3X
SBL Stobal Cough Syrup,SBL Pvt Ltd,4.6,1159,cough,Calcarea phos
Dr. Reckeweg Berberis Vul Mother Tincture Q,Dr Reckeweg & Co,4.5,621,body pain,Berberis vulgaris
Dr Batra's Homeo+ Immunity Medicine Oral Drops (30ml Each),Dr Batra Positive Health Products Limited,0,0,immunity,Thuja
Dr. Reckeweg R73 Joint Pain Drop,Dr Reckeweg & Co,4.5,564,joint,Arnica
Bakson's Y-Lax Tablet,Bakson's Homeopathy,4.5,586,body pain,Senna
Dr Willmar Schwabe India Damiaplant Drop,Dr Willmar Schwabe India Pvt Ltd,4,578,depression,Berberis vulgaris
Bjain Omeo Allergy Tablet,Bjain Pharmaceuticals Pvt Ltd,4.1,42,eyes,Ferrum phosphoricum
SBL Arnica Montana Hair Oil with Tjc,SBL Pvt Ltd,4.4,555,hair,Thuja
Bakson's Throat Aid Tablet,Bakson's Homeopathy,4.5,422,cough,Ferrum phosphoricum
SBL Scalptone Tablet,SBL Pvt Ltd,4.3,305,hair,Calcarea phos
Bjain Omeo Mouth Ulcer Tablet,Bjain Pharmaceuticals Pvt Ltd,4.4,48,depression,Verbascum thapsus 0.10ml
SBL Nux Vomica Dilution 30 CH,SBL Pvt Ltd,4.6,1877,eyes,Calcarea phos
SBL Clearstone Drop,SBL Pvt Ltd,4.5,762,body pain,Berberis vulgaris
Bakson's Aller Aid Tablet,Bakson's Homeopathy,4.5,534,heart,Ferrum phosphoricum
Bjain Lycopodium Clavatum Dilution 200 CH,Bjain Pharmaceuticals Pvt Ltd,4.7,45,body pain,Lycopodium clavatum
Bakson's Aller Aid Tablet,Bakson's Homeopathy,4.5,534,heart,Ferrum phosphoricum
Dr. Reckeweg R13 Hemorrhoidal Drop,Dr Reckeweg & Co,4.4,557,body pain,Acidum nitricum
Bhargava Spondin Drop,Bhargava Phytolab,4.6,902,body pain,Cuprum metallicium 6X
Bjain Baryta Carbonica Dilution 30 CH,Bjain Pharmaceuticals Pvt Ltd,4.8,29,weakness,Baryta Carb
SBL Berberis Vulgaris Mother Tincture Q,SBL Pvt Ltd,4.6,689,body pain,Baryta Carb
Dr. Reckeweg R40 Diabetes Drop Homeopathic Medicine,Dr Reckeweg & Co,4.5,437,weakness,Acidum phosphoricum
SBL Kali Phosphoricum Biochemic Tablet 6X,SBL Pvt Ltd,4.6,933,fat,Calcarea phos
Bjain Phytolacca Berry Mother Tincture Q,Bjain Pharmaceuticals Pvt Ltd,4.6,42,fat,Calcarea phos
Dr Willmar Schwabe Germany Cineraria Maritima Schwabe Eye Drop Alcohol Free,Dr Willmar Schwabe India Pvt Ltd,4.5,74,eyes,Calcarea phos
SBL Calcarea Fluorica Biochemic Tablet 6X,SBL Pvt Ltd,4.5,949,joint,Calcarea phos
Bakson's Rheum Aid Tablet,Bakson's Homeopathy,4.6,141,joint,Calcarea phos
Bjain Terminalia Arjuna Mother Tincture Q,Bjain Pharmaceuticals Pvt Ltd,4.7,91,heart,Arnica
SBL Arnica Montana Dilution 200 CH,SBL Pvt Ltd,4.6,1677,eyes,Arnica
SBL Syzygium Jambolanum Mother Tincture Q,SBL Pvt Ltd,4.6,807,fat,Arnica
Dr Willmar Schwabe India Berberis Aquifolium Mother Tincture Q,Dr Willmar Schwabe India Pvt Ltd,4.3,684,eyes,Arnica
Dr Willmar Schwabe Germany Cineraria Maritima Without Alcohol Eye Drop,Dr Willmar Schwabe India Pvt Ltd,4.6,1148,eyes,Seneciobicolor (cineraria maritima)
Dr Batra's Homeo+ Immunity Medicine Oral Drops (30ml Each),Dr Batra Positive Health Products Limited,0,0,immunity,Thuja
SBL Arnica Montana Herbal Shampoo with TJC,SBL Pvt Ltd,4.4,679,hair,Cactus grandiflorus.2X
Boericke and Tafel Arnica Shampoo,Dr Willmar Schwabe India Pvt Ltd,4.3,229,hair,Arnica
Dr. Reckeweg R78 Eye Care Drop,Dr Reckeweg & Co,4.4,103,eyes,Belladonna
Bjain Omeo Ear Drop,Bjain Pharmaceuticals Pvt Ltd,0,0,ears,Calendula officinalis 0.30ml
Bakson's Vitamin D Plus Capsule,Bakson's Homeopathy,4.4,116,immunity,Vitamin D
Hapdco Rheumacon Pain Relief Oil,HAPDCO,4.3,156,joint,Arnica
Fourrts Gum Forte Gel Homoeopathic Toothpaste,Fourrts India Laboratories Pvt Ltd,4.6,167,ears,Plantago Q
Dr Batra's Homeo+ Immunity Medicine Oral Drops (30ml Each),Dr Batra Positive Health Products Limited,0,0,immunity,Thuja
SBL Jaborandi Hair Oil,SBL Pvt Ltd,4.3,243,hair,Jaborandi herb
SBL Cineraria Maritima 10% Eye Drop,SBL Pvt Ltd,4.5,228,improve poor night vision,Aqua Distilled
ADEL Diacard Gold Madaus Drop Homeopathic Medicine,Adel Pekana Germany,4.6,315,heart,Cactus grandiflorus.2X
Bjain Guatteria Gaumeri Drop,Bjain Pharmaceuticals Pvt Ltd,4.6,213,fat,Guatteria Gaumeri
Bjain Guatteria Gaumeri Drop,Bjain Pharmaceuticals Pvt Ltd,4.6,213,fat,Guatteria Gaumeri
SBL Sarracenia Purpurea Dilution 1000 CH,SBL Pvt Ltd,4.8,24,eyes,Senna
Dr. Reckeweg Calcarea Phosphorica Biochemic Tablet 6X,Dr Reckeweg & Co,4.7,797,ears,Calcarea phos
Dr Batra's Homeo+ Immunity Medicine Oral Drops (30ml Each),Dr Batra Positive Health Products Limited,0,0,immunity,Thuja
Dr. Reckeweg R41 Sexual Neurasthenia Drop,Dr Reckeweg & Co,4.1,974,fat,Acidum phosphoricum
Dr. Reckeweg R89 Hair Care Drop,Dr Reckeweg & Co,4.3,1113,hair, Juglans
Bakson's Y-Lax Tablet,Bakson's Homeopathy,4.5,586,body pain,Senna
Bjain Avena Sativa Mother Tincture Q,Bjain Pharmaceuticals Pvt Ltd,4.4,52,weakness,Avena Sativa
Dr Willmar Schwabe India Thyroidinum Trituration Tablet 3X,Dr Willmar Schwabe India Pvt Ltd,4.5,276,eyes,Thyroidinum 3X
SBL Stobal Cough Syrup,SBL Pvt Ltd,4.6,1159,cough,Thyroidinum 3X
Dr. Reckeweg Berberis Vul Mother Tincture Q,Dr Reckeweg & Co,4.5,621,body pain,Berberis vulgaris
Dr Batra's Homeo+ Immunity Medicine Oral Drops (30ml Each),Dr Batra Positive Health Products Limited,0,0,immunity,Thuja
Dr. Reckeweg R73 Joint Pain Drop,Dr Reckeweg & Co,4.5,564,joint,Arnica
Bakson's Y-Lax Tablet,Bakson's Homeopathy,4.5,586,body pain,Senna
Dr Willmar Schwabe India Damiaplant Drop,Dr Willmar Schwabe India Pvt Ltd,4,578,depression,Acidum nitricum
Bjain Omeo Allergy Tablet,Bjain Pharmaceuticals Pvt Ltd,4.1,42,eyes,Ferrum phosphoricum
SBL Arnica Montana Hair Oil with Tjc,SBL Pvt Ltd,4.4,555,hair,Thuja
Bakson's Throat Aid Tablet,Bakson's Homeopathy,4.5,422,cough,Ferrum phosphoricum
SBL Scalptone Tablet,SBL Pvt Ltd,4.3,305,hair,Calcarea phos
Bjain Omeo Mouth Ulcer Tablet,Bjain Pharmaceuticals Pvt Ltd,4.4,48,depression,Verbascum thapsus 0.10ml
SBL Nux Vomica Dilution 30 CH,SBL Pvt Ltd,4.6,1877,eyes,Acidum nitricum
SBL Clearstone Drop,SBL Pvt Ltd,4.5,762,body pain,Berberis vulgaris
Bakson's Aller Aid Tablet,Bakson's Homeopathy,4.5,534,heart,Ferrum phosphoricum
Bjain Lycopodium Clavatum Dilution 200 CH,Bjain Pharmaceuticals Pvt Ltd,4.7,45,body pain,Lycopodium clavatum
Bakson's Aller Aid Tablet,Bakson's Homeopathy,4.5,534,heart,Ferrum phosphoricum
Dr. Reckeweg R13 Hemorrhoidal Drop,Dr Reckeweg & Co,4.4,557,body pain,Acidum nitricum
Bhargava Spondin Drop,Bhargava Phytolab,4.6,902,body pain,Cuprum metallicium 6X
Bjain Baryta Carbonica Dilution 30 CH,Bjain Pharmaceuticals Pvt Ltd,4.8,29,weakness,Baryta Carb
SBL Berberis Vulgaris Mother Tincture Q,SBL Pvt Ltd,4.6,689,body pain,Cuprum metallicium 6X
Dr. Reckeweg R40 Diabetes Drop Homeopathic Medicine,Dr Reckeweg & Co,4.5,437,weakness,Acidum phosphoricum
SBL Kali Phosphoricum Biochemic Tablet 6X,SBL Pvt Ltd,4.6,933,fat,Calcarea phos
Bjain Phytolacca Berry Mother Tincture Q,Bjain Pharmaceuticals Pvt Ltd,4.6,42,fat,Calcarea phos
Dr Willmar Schwabe Germany Cineraria Maritima Schwabe Eye Drop Alcohol Free,Dr Willmar Schwabe India Pvt Ltd,4.5,74,eyes,Calcarea phos
SBL Calcarea Fluorica Biochemic Tablet 6X,SBL Pvt Ltd,4.5,949,joint,Calcarea phos
Bakson's Rheum Aid Tablet,Bakson's Homeopathy,4.6,141,joint,Calcarea phos
Bjain Terminalia Arjuna Mother Tincture Q,Bjain Pharmaceuticals Pvt Ltd,4.7,91,heart,Jaborandi herb
SBL Arnica Montana Dilution 200 CH,SBL Pvt Ltd,4.6,1677,eyes,Seneciobicolor (cineraria maritima)
SBL Syzygium Jambolanum Mother Tincture Q,SBL Pvt Ltd,4.6,807,fat,Aqua Distilled
Dr Willmar Schwabe India Berberis Aquifolium Mother Tincture Q,Dr Willmar Schwabe India Pvt Ltd,4.3,684,eyes,Arnica
Dr Willmar Schwabe Germany Cineraria Maritima Without Alcohol Eye Drop,Dr Willmar Schwabe India Pvt Ltd,4.6,1148,eyes,Seneciobicolor (cineraria maritima)
Dr Batra's Homeo+ Immunity Medicine Oral Drops (30ml Each),Dr Batra Positive Health Products Limited,0,0,immunity,Thuja
SBL Arnica Montana Herbal Shampoo with TJC,SBL Pvt Ltd,4.4,679,hair,Cactus grandiflorus.2X
Boericke and Tafel Arnica Shampoo,Dr Willmar Schwabe India Pvt Ltd,4.3,229,hair,Arnica
Dr. Reckeweg R78 Eye Care Drop,Dr Reckeweg & Co,4.4,103,eyes,Belladonna
Bjain Omeo Ear Drop,Bjain Pharmaceuticals Pvt Ltd,0,0,ears,Calendula officinalis 0.30ml
Bakson's Vitamin D Plus Capsule,Bakson's Homeopathy,4.4,116,immunity,Vitamin D
Hapdco Rheumacon Pain Relief Oil,HAPDCO,4.3,156,joint,Arnica
Fourrts Gum Forte Gel Homoeopathic Toothpaste,Fourrts India Laboratories Pvt Ltd,4.6,167,ears,Plantago Q
Dr Batra's Homeo+ Immunity Medicine Oral Drops (30ml Each),Dr Batra Positive Health Products Limited,0,0,immunity,Thuja
SBL Jaborandi Hair Oil,SBL Pvt Ltd,4.3,243,hair,Jaborandi herb
SBL Cineraria Maritima 10% Eye Drop,SBL Pvt Ltd,4.5,228,improve poor night vision,Aqua Distilled
ADEL Diacard Gold Madaus Drop Homeopathic Medicine,Adel Pekana Germany,4.6,315,heart,Cactus grandiflorus.2X
Bjain Guatteria Gaumeri Drop,Bjain Pharmaceuticals Pvt Ltd,4.6,213,fat,Guatteria Gaumeri
Bjain Guatteria Gaumeri Drop,Bjain Pharmaceuticals Pvt Ltd,4.6,213,fat,Guatteria Gaumeri
SBL Sarracenia Purpurea Dilution 1000 CH,SBL Pvt Ltd,4.8,24,eyes,Guatteria Gaumeri
Dr. Reckeweg Calcarea Phosphorica Biochemic Tablet 6X,Dr Reckeweg & Co,4.7,797,ears,Calcarea phos
Dr Batra's Homeo+ Immunity Medicine Oral Drops (30ml Each),Dr Batra Positive Health Products Limited,0,0,immunity,Thuja
Dr. Reckeweg R41 Sexual Neurasthenia Drop,Dr Reckeweg & Co,4.1,974,fat,Acidum phosphoricum
Dr. Reckeweg R89 Hair Care Drop,Dr Reckeweg & Co,4.3,1113,hair, Juglans
Bakson's Y-Lax Tablet,Bakson's Homeopathy,4.5,586,body pain,Senna
Bjain Avena Sativa Mother Tincture Q,Bjain Pharmaceuticals Pvt Ltd,4.4,52,weakness,Avena Sativa
Dr Willmar Schwabe India Thyroidinum Trituration Tablet 3X,Dr Willmar Schwabe India Pvt Ltd,4.5,276,eyes,Thyroidinum 3X
SBL Stobal Cough Syrup,SBL Pvt Ltd,4.6,1159,cough, Juglans
Dr. Reckeweg Berberis Vul Mother Tincture Q,Dr Reckeweg & Co,4.5,621,body pain,Berberis vulgaris
Dr Batra's Homeo+ Immunity Medicine Oral Drops (30ml Each),Dr Batra Positive Health Products Limited,0,0,immunity,Thuja
Dr. Reckeweg R73 Joint Pain Drop,Dr Reckeweg & Co,4.5,564,joint,Arnica
Bakson's Y-Lax Tablet,Bakson's Homeopathy,4.5,586,body pain,Senna
Dr Willmar Schwabe India Damiaplant Drop,Dr Willmar Schwabe India Pvt Ltd,4,578,depression,Berberis vulgaris
Bjain Omeo Allergy Tablet,Bjain Pharmaceuticals Pvt Ltd,4.1,42,eyes,Ferrum phosphoricum
SBL Arnica Montana Hair Oil with Tjc,SBL Pvt Ltd,4.4,555,hair,Thuja
Bakson's Throat Aid Tablet,Bakson's Homeopathy,4.5,422,cough,Ferrum phosphoricum
SBL Scalptone Tablet,SBL Pvt Ltd,4.3,305,hair,Calcarea phos
Bjain Omeo Mouth Ulcer Tablet,Bjain Pharmaceuticals Pvt Ltd,4.4,48,depression,Verbascum thapsus 0.10ml
SBL Nux Vomica Dilution 30 CH,SBL Pvt Ltd,4.6,1877,eyes,Verbascum thapsus 0.10ml
SBL Clearstone Drop,SBL Pvt Ltd,4.5,762,body pain,Berberis vulgaris
Bakson's Aller Aid Tablet,Bakson's Homeopathy,4.5,534,heart,Ferrum phosphoricum
Bjain Lycopodium Clavatum Dilution 200 CH,Bjain Pharmaceuticals Pvt Ltd,4.7,45,body pain,Lycopodium clavatum
Bakson's Aller Aid Tablet,Bakson's Homeopathy,4.5,534,heart,Ferrum phosphoricum
Dr. Reckeweg R13 Hemorrhoidal Drop,Dr Reckeweg & Co,4.4,557,body pain,Acidum nitricum
Bhargava Spondin Drop,Bhargava Phytolab,4.6,902,body pain,Cuprum metallicium 6X
Bjain Baryta Carbonica Dilution 30 CH,Bjain Pharmaceuticals Pvt Ltd,4.8,29,weakness,Baryta Carb
SBL Berberis Vulgaris Mother Tincture Q,SBL Pvt Ltd,4.6,689,body pain,Baryta Carb
Dr. Reckeweg R40 Diabetes Drop Homeopathic Medicine,Dr Reckeweg & Co,4.5,437,weakness,Acidum phosphoricum
SBL Kali Phosphoricum Biochemic Tablet 6X,SBL Pvt Ltd,4.6,933,fat,Acidum phosphoricum
Bjain Phytolacca Berry Mother Tincture Q,Bjain Pharmaceuticals Pvt Ltd,4.6,42,fat,Acidum phosphoricum
Dr Willmar Schwabe Germany Cineraria Maritima Schwabe Eye Drop Alcohol Free,Dr Willmar Schwabe India Pvt Ltd,4.5,74,eyes,Acidum phosphoricum
SBL Calcarea Fluorica Biochemic Tablet 6X,SBL Pvt Ltd,4.5,949,joint,Acidum phosphoricum
Bakson's Rheum Aid Tablet,Bakson's Homeopathy,4.6,141,joint,Calcarea phos
Bjain Terminalia Arjuna Mother Tincture Q,Bjain Pharmaceuticals Pvt Ltd,4.7,91,heart,Seneciobicolor (cineraria maritima)
SBL Arnica Montana Dilution 200 CH,SBL Pvt Ltd,4.6,1677,eyes,Seneciobicolor (cineraria maritima)
SBL Syzygium Jambolanum Mother Tincture Q,SBL Pvt Ltd,4.6,807,fat,Seneciobicolor (cineraria maritima)
Dr Willmar Schwabe India Berberis Aquifolium Mother Tincture Q,Dr Willmar Schwabe India Pvt Ltd,4.3,684,eyes,Seneciobicolor (cineraria maritima)
Dr Willmar Schwabe Germany Cineraria Maritima Without Alcohol Eye Drop,Dr Willmar Schwabe India Pvt Ltd,4.6,1148,eyes,Seneciobicolor (cineraria maritima)
Dr Batra's Homeo+ Immunity Medicine Oral Drops (30ml Each),Dr Batra Positive Health Products Limited,0,0,immunity,Thuja
SBL Arnica Montana Herbal Shampoo with TJC,SBL Pvt Ltd,4.4,679,hair,Vitamin D
Boericke and Tafel Arnica Shampoo,Dr Willmar Schwabe India Pvt Ltd,4.3,229,hair,Arnica
Dr. Reckeweg R78 Eye Care Drop,Dr Reckeweg & Co,4.4,103,eyes,Belladonna
Bjain Omeo Ear Drop,Bjain Pharmaceuticals Pvt Ltd,0,0,ears,Calendula officinalis 0.30ml
Bakson's Vitamin D Plus Capsule,Bakson's Homeopathy,4.4,116,immunity,Vitamin D
Hapdco Rheumacon Pain Relief Oil,HAPDCO,4.3,156,joint,Arnica
Fourrts Gum Forte Gel Homoeopathic Toothpaste,Fourrts India Laboratories Pvt Ltd,4.6,167,ears,Plantago Q
Dr Batra's Homeo+ Immunity Medicine Oral Drops (30ml Each),Dr Batra Positive Health Products Limited,0,0,immunity,Thuja
SBL Jaborandi Hair Oil,SBL Pvt Ltd,4.3,243,hair,Jaborandi herb
SBL Cineraria Maritima 10% Eye Drop,SBL Pvt Ltd,4.5,228,improve poor night vision,Aqua Distilled
ADEL Diacard Gold Madaus Drop Homeopathic Medicine,Adel Pekana Germany,4.6,315,heart,Cactus grandiflorus.2X
Bjain Guatteria Gaumeri Drop,Bjain Pharmaceuticals Pvt Ltd,4.6,213,fat,Guatteria Gaumeri
Bjain Guatteria Gaumeri Drop,Bjain Pharmaceuticals Pvt Ltd,4.6,213,fat,Guatteria Gaumeri
SBL Sarracenia Purpurea Dilution 1000 CH,SBL Pvt Ltd,4.8,24,eyes,Vitamin D
Dr. Reckeweg Calcarea Phosphorica Biochemic Tablet 6X,Dr Reckeweg & Co,4.7,797,ears,Calcarea phos
Dr Batra's Homeo+ Immunity Medicine Oral Drops (30ml Each),Dr Batra Positive Health Products Limited,0,0,immunity,Thuja
Dr. Reckeweg R41 Sexual Neurasthenia Drop,Dr Reckeweg & Co,4.1,974,fat,Acidum phosphoricum
Dr. Reckeweg R89 Hair Care Drop,Dr Reckeweg & Co,4.3,1113,hair, Juglans
Bakson's Y-Lax Tablet,Bakson's Homeopathy,4.5,586,body pain,Senna
Bjain Avena Sativa Mother Tincture Q,Bjain Pharmaceuticals Pvt Ltd,4.4,52,weakness,Avena Sativa
Dr Willmar Schwabe India Thyroidinum Trituration Tablet 3X,Dr Willmar Schwabe India Pvt Ltd,4.5,276,eyes,Thyroidinum 3X
SBL Stobal Cough Syrup,SBL Pvt Ltd,4.6,1159,cough,Vitamin D
Dr. Reckeweg Berberis Vul Mother Tincture Q,Dr Reckeweg & Co,4.5,621,body pain,Berberis vulgaris
Dr Batra's Homeo+ Immunity Medicine Oral Drops (30ml Each),Dr Batra Positive Health Products Limited,0,0,immunity,Thuja
Dr. Reckeweg R73 Joint Pain Drop,Dr Reckeweg & Co,4.5,564,joint,Arnica
Bakson's Y-Lax Tablet,Bakson's Homeopathy,4.5,586,body pain,Senna
Dr Willmar Schwabe India Damiaplant Drop,Dr Willmar Schwabe India Pvt Ltd,4,578,depression,Vitamin D
Bjain Omeo Allergy Tablet,Bjain Pharmaceuticals Pvt Ltd,4.1,42,eyes,Ferrum phosphoricum
SBL Arnica Montana Hair Oil with Tjc,SBL Pvt Ltd,4.4,555,hair,Thuja
Bakson's Throat Aid Tablet,Bakson's Homeopathy,4.5,422,cough,Ferrum phosphoricum
SBL Scalptone Tablet,SBL Pvt Ltd,4.3,305,hair,Calcarea phos
Bjain Omeo Mouth Ulcer Tablet,Bjain Pharmaceuticals Pvt Ltd,4.4,48,depression,Verbascum thapsus 0.10ml
SBL Nux Vomica Dilution 30 CH,SBL Pvt Ltd,4.6,1877,eyes,Vitamin D
SBL Clearstone Drop,SBL Pvt Ltd,4.5,762,body pain,Berberis vulgaris
Bakson's Aller Aid Tablet,Bakson's Homeopathy,4.5,534,heart,Ferrum phosphoricum
Bjain Lycopodium Clavatum Dilution 200 CH,Bjain Pharmaceuticals Pvt Ltd,4.7,45,body pain,Lycopodium clavatum
Bakson's Aller Aid Tablet,Bakson's Homeopathy,4.5,534,heart,Ferrum phosphoricum
Dr. Reckeweg R13 Hemorrhoidal Drop,Dr Reckeweg & Co,4.4,557,body pain,Acidum nitricum
Bhargava Spondin Drop,Bhargava Phytolab,4.6,902,body pain,Cuprum metallicium 6X
Bjain Baryta Carbonica Dilution 30 CH,Bjain Pharmaceuticals Pvt Ltd,4.8,29,weakness,Baryta Carb
SBL Berberis Vulgaris Mother Tincture Q,SBL Pvt Ltd,4.6,689,body pain,Vitamin D
Dr. Reckeweg R40 Diabetes Drop Homeopathic Medicine,Dr Reckeweg & Co,4.5,437,weakness,Acidum phosphoricum
SBL Kali Phosphoricum Biochemic Tablet 6X,SBL Pvt Ltd,4.6,933,fat,Vitamin D
Bjain Phytolacca Berry Mother Tincture Q,Bjain Pharmaceuticals Pvt Ltd,4.6,42,fat,Vitamin D
Dr Willmar Schwabe Germany Cineraria Maritima Schwabe Eye Drop Alcohol Free,Dr Willmar Schwabe India Pvt Ltd,4.5,74,eyes,Vitamin D
SBL Calcarea Fluorica Biochemic Tablet 6X,SBL Pvt Ltd,4.5,949,joint,Vitamin D
Bakson's Rheum Aid Tablet,Bakson's Homeopathy,4.6,141,joint,Calcarea phos
Bjain Terminalia Arjuna Mother Tincture Q,Bjain Pharmaceuticals Pvt Ltd,4.7,91,heart,Belladonna
SBL Arnica Montana Dilution 200 CH,SBL Pvt Ltd,4.6,1677,eyes,Belladonna
SBL Syzygium Jambolanum Mother Tincture Q,SBL Pvt Ltd,4.6,807,fat,Belladonna
Dr Willmar Schwabe India Berberis Aquifolium Mother Tincture Q,Dr Willmar Schwabe India Pvt Ltd,4.3,684,eyes,Belladonna
Dr Willmar Schwabe Germany Cineraria Maritima Without Alcohol Eye Drop,Dr Willmar Schwabe India Pvt Ltd,4.6,1148,eyes,Seneciobicolor (cineraria maritima)
Dr Batra's Homeo+ Immunity Medicine Oral Drops (30ml Each),Dr Batra Positive Health Products Limited,0,0,immunity,Thuja
SBL Arnica Montana Herbal Shampoo with TJC,SBL Pvt Ltd,4.4,679,hair,Pollen D12
Boericke and Tafel Arnica Shampoo,Dr Willmar Schwabe India Pvt Ltd,4.3,229,hair,Arnica
Dr. Reckeweg R78 Eye Care Drop,Dr Reckeweg & Co,4.4,103,eyes,Belladonna
Bjain Omeo Ear Drop,Bjain Pharmaceuticals Pvt Ltd,0,0,ears,Calendula officinalis 0.30ml
Bakson's Vitamin D Plus Capsule,Bakson's Homeopathy,4.4,116,immunity,Vitamin D
Hapdco Rheumacon Pain Relief Oil,HAPDCO,4.3,156,joint,Arnica
Fourrts Gum Forte Gel Homoeopathic Toothpaste,Fourrts India Laboratories Pvt Ltd,4.6,167,ears,Plantago Q
Dr Batra's Homeo+ Immunity Medicine Oral Drops (30ml Each),Dr Batra Positive Health Products Limited,0,0,immunity,Thuja
SBL Jaborandi Hair Oil,SBL Pvt Ltd,4.3,243,hair,Jaborandi herb
SBL Cineraria Maritima 10% Eye Drop,SBL Pvt Ltd,4.5,228,improve poor night vision,Aqua Distilled
ADEL Diacard Gold Madaus Drop Homeopathic Medicine,Adel Pekana Germany,4.6,315,heart,Cactus grandiflorus.2X
Bjain Guatteria Gaumeri Drop,Bjain Pharmaceuticals Pvt Ltd,4.6,213,fat,Guatteria Gaumeri
Bjain Guatteria Gaumeri Drop,Bjain Pharmaceuticals Pvt Ltd,4.6,213,fat,Guatteria Gaumeri
SBL Sarracenia Purpurea Dilution 1000 CH,SBL Pvt Ltd,4.8,24,eyes,Pollen D12
Dr. Reckeweg Calcarea Phosphorica Biochemic Tablet 6X,Dr Reckeweg & Co,4.7,797,ears,Calcarea phos
Dr Batra's Homeo+ Immunity Medicine Oral Drops (30ml Each),Dr Batra Positive Health Products Limited,0,0,immunity,Thuja
Dr. Reckeweg R41 Sexual Neurasthenia Drop,Dr Reckeweg & Co,4.1,974,fat,Acidum phosphoricum
Dr. Reckeweg R89 Hair Care Drop,Dr Reckeweg & Co,4.3,1113,hair, Juglans
Bakson's Y-Lax Tablet,Bakson's Homeopathy,4.5,586,body pain,Senna
Bjain Avena Sativa Mother Tincture Q,Bjain Pharmaceuticals Pvt Ltd,4.4,52,weakness,Avena Sativa
Dr Willmar Schwabe India Thyroidinum Trituration Tablet 3X,Dr Willmar Schwabe India Pvt Ltd,4.5,276,eyes,Thyroidinum 3X
SBL Stobal Cough Syrup,SBL Pvt Ltd,4.6,1159,cough,Pollen D12
Dr. Reckeweg Berberis Vul Mother Tincture Q,Dr Reckeweg & Co,4.5,621,body pain,Berberis vulgaris
Dr Batra's Homeo+ Immunity Medicine Oral Drops (30ml Each),Dr Batra Positive Health Products Limited,0,0,immunity,Thuja
Dr. Reckeweg R73 Joint Pain Drop,Dr Reckeweg & Co,4.5,564,joint,Arnica
Bakson's Y-Lax Tablet,Bakson's Homeopathy,4.5,586,body pain,Senna
Dr Willmar Schwabe India Damiaplant Drop,Dr Willmar Schwabe India Pvt Ltd,4,578,depression,Berberis vulgaris
Bjain Omeo Allergy Tablet,Bjain Pharmaceuticals Pvt Ltd,4.1,42,eyes,Ferrum phosphoricum
SBL Arnica Montana Hair Oil with Tjc,SBL Pvt Ltd,4.4,555,hair,Thuja
Bakson's Throat Aid Tablet,Bakson's Homeopathy,4.5,422,cough,Ferrum phosphoricum
SBL Scalptone Tablet,SBL Pvt Ltd,4.3,305,hair,Calcarea phos
Bjain Omeo Mouth Ulcer Tablet,Bjain Pharmaceuticals Pvt Ltd,4.4,48,depression,Verbascum thapsus 0.10ml
SBL Nux Vomica Dilution 30 CH,SBL Pvt Ltd,4.6,1877,eyes,Pollen D12
SBL Clearstone Drop,SBL Pvt Ltd,4.5,762,body pain,Berberis vulgaris
Bakson's Aller Aid Tablet,Bakson's Homeopathy,4.5,534,heart,Ferrum phosphoricum
Bjain Lycopodium Clavatum Dilution 200 CH,Bjain Pharmaceuticals Pvt Ltd,4.7,45,body pain,Lycopodium clavatum
Bakson's Aller Aid Tablet,Bakson's Homeopathy,4.5,534,heart,Ferrum phosphoricum
Dr. Reckeweg R13 Hemorrhoidal Drop,Dr Reckeweg & Co,4.4,557,body pain,Acidum nitricum
Bhargava Spondin Drop,Bhargava Phytolab,4.6,902,body pain,Cuprum metallicium 6X
Bjain Baryta Carbonica Dilution 30 CH,Bjain Pharmaceuticals Pvt Ltd,4.8,29,weakness,Baryta Carb
SBL Berberis Vulgaris Mother Tincture Q,SBL Pvt Ltd,4.6,689,body pain,Pollen D12
Dr. Reckeweg R40 Diabetes Drop Homeopathic Medicine,Dr Reckeweg & Co,4.5,437,weakness,Acidum phosphoricum
SBL Kali Phosphoricum Biochemic Tablet 6X,SBL Pvt Ltd,4.6,933,fat,Pollen D12
Bjain Phytolacca Berry Mother Tincture Q,Bjain Pharmaceuticals Pvt Ltd,4.6,42,fat,Ferrum phosphoricum
Dr Willmar Schwabe Germany Cineraria Maritima Schwabe Eye Drop Alcohol Free,Dr Willmar Schwabe India Pvt Ltd,4.5,74,eyes,Ferrum phosphoricum
SBL Calcarea Fluorica Biochemic Tablet 6X,SBL Pvt Ltd,4.5,949,joint,Ferrum phosphoricum
Bakson's Rheum Aid Tablet,Bakson's Homeopathy,4.6,141,joint,Calcarea phos
Bjain Terminalia Arjuna Mother Tincture Q,Bjain Pharmaceuticals Pvt Ltd,4.7,91,heart,Seneciobicolor (cineraria maritima)
SBL Arnica Montana Dilution 200 CH,SBL Pvt Ltd,4.6,1677,eyes,Seneciobicolor (cineraria maritima)
SBL Syzygium Jambolanum Mother Tincture Q,SBL Pvt Ltd,4.6,807,fat,Seneciobicolor (cineraria maritima)
Dr Willmar Schwabe India Berberis Aquifolium Mother Tincture Q,Dr Willmar Schwabe India Pvt Ltd,4.3,684,eyes,Seneciobicolor (cineraria maritima)
Dr Willmar Schwabe Germany Cineraria Maritima Without Alcohol Eye Drop,Dr Willmar Schwabe India Pvt Ltd,4.6,1148,eyes,Seneciobicolor (cineraria maritima)
Dr Batra's Homeo+ Immunity Medicine Oral Drops (30ml Each),Dr Batra Positive Health Products Limited,0,0,immunity,Thuja
SBL Arnica Montana Herbal Shampoo with TJC,SBL Pvt Ltd,4.4,679,hair,Aqua Distilled
Boericke and Tafel Arnica Shampoo,Dr Willmar Schwabe India Pvt Ltd,4.3,229,hair,Arnica
Dr. Reckeweg R78 Eye Care Drop,Dr Reckeweg & Co,4.4,103,eyes,Belladonna
Bjain Omeo Ear Drop,Bjain Pharmaceuticals Pvt Ltd,0,0,ears,Calendula officinalis 0.30ml
Bakson's Vitamin D Plus Capsule,Bakson's Homeopathy,4.4,116,immunity,Vitamin D
Hapdco Rheumacon Pain Relief Oil,HAPDCO,4.3,156,joint,Arnica
Fourrts Gum Forte Gel Homoeopathic Toothpaste,Fourrts India Laboratories Pvt Ltd,4.6,167,ears,Plantago Q
Dr Batra's Homeo+ Immunity Medicine Oral Drops (30ml Each),Dr Batra Positive Health Products Limited,0,0,immunity,Thuja
SBL Jaborandi Hair Oil,SBL Pvt Ltd,4.3,243,hair,Jaborandi herb
SBL Cineraria Maritima 10% Eye Drop,SBL Pvt Ltd,4.5,228,improve poor night vision,Aqua Distilled
ADEL Diacard Gold Madaus Drop Homeopathic Medicine,Adel Pekana Germany,4.6,315,heart,Cactus grandiflorus.2X
Bjain Guatteria Gaumeri Drop,Bjain Pharmaceuticals Pvt Ltd,4.6,213,fat,Guatteria Gaumeri
Bjain Guatteria Gaumeri Drop,Bjain Pharmaceuticals Pvt Ltd,4.6,213,fat,Guatteria Gaumeri
SBL Sarracenia Purpurea Dilution 1000 CH,SBL Pvt Ltd,4.8,24,eyes,Cactus grandiflorus.2X
Dr. Reckeweg Calcarea Phosphorica Biochemic Tablet 6X,Dr Reckeweg & Co,4.7,797,ears,Calcarea phos
Dr Batra's Homeo+ Immunity Medicine Oral Drops (30ml Each),Dr Batra Positive Health Products Limited,0,0,immunity,Thuja
Dr. Reckeweg R41 Sexual Neurasthenia Drop,Dr Reckeweg & Co,4.1,974,fat,Acidum phosphoricum
Dr. Reckeweg R89 Hair Care Drop,Dr Reckeweg & Co,4.3,1113,hair, Juglans
Bakson's Y-Lax Tablet,Bakson's Homeopathy,4.5,586,body pain,Senna
Bjain Avena Sativa Mother Tincture Q,Bjain Pharmaceuticals Pvt Ltd,4.4,52,weakness,Avena Sativa
Dr Willmar Schwabe India Thyroidinum Trituration Tablet 3X,Dr Willmar Schwabe India Pvt Ltd,4.5,276,eyes,Thyroidinum 3X
SBL Stobal Cough Syrup,SBL Pvt Ltd,4.6,1159,cough,Cactus grandiflorus.2X
Dr. Reckeweg Berberis Vul Mother Tincture Q,Dr Reckeweg & Co,4.5,621,body pain,Berberis vulgaris
Dr Batra's Homeo+ Immunity Medicine Oral Drops (30ml Each),Dr Batra Positive Health Products Limited,0,0,immunity,Thuja
Dr. Reckeweg R73 Joint Pain Drop,Dr Reckeweg & Co,4.5,564,joint,Arnica
Bakson's Y-Lax Tablet,Bakson's Homeopathy,4.5,586,body pain,Senna
Dr Willmar Schwabe India Damiaplant Drop,Dr Willmar Schwabe India Pvt Ltd,4,578,depression,Cactus grandiflorus.2X
Bjain Omeo Allergy Tablet,Bjain Pharmaceuticals Pvt Ltd,4.1,42,eyes,Ferrum phosphoricum
SBL Arnica Montana Hair Oil with Tjc,SBL Pvt Ltd,4.4,555,hair,Thuja
Bakson's Throat Aid Tablet,Bakson's Homeopathy,4.5,422,cough,Ferrum phosphoricum
SBL Scalptone Tablet,SBL Pvt Ltd,4.3,305,hair,Calcarea phos
Bjain Omeo Mouth Ulcer Tablet,Bjain Pharmaceuticals Pvt Ltd,4.4,48,depression,Verbascum thapsus 0.10ml
SBL Nux Vomica Dilution 30 CH,SBL Pvt Ltd,4.6,1877,eyes,Cactus grandiflorus.2X
SBL Clearstone Drop,SBL Pvt Ltd,4.5,762,body pain,Berberis vulgaris
Bakson's Aller Aid Tablet,Bakson's Homeopathy,4.5,534,heart,Ferrum phosphoricum
Bjain Lycopodium Clavatum Dilution 200 CH,Bjain Pharmaceuticals Pvt Ltd,4.7,45,body pain,Lycopodium clavatum
Bakson's Aller Aid Tablet,Bakson's Homeopathy,4.5,534,heart,Ferrum phosphoricum
Dr. Reckeweg R13 Hemorrhoidal Drop,Dr Reckeweg & Co,4.4,557,body pain,Acidum nitricum
Bhargava Spondin Drop,Bhargava Phytolab,4.6,902,body pain,Cuprum metallicium 6X
Bjain Baryta Carbonica Dilution 30 CH,Bjain Pharmaceuticals Pvt Ltd,4.8,29,weakness,Baryta Carb
SBL Berberis Vulgaris Mother Tincture Q,SBL Pvt Ltd,4.6,689,body pain,Cactus grandiflorus.2X
Dr. Reckeweg R40 Diabetes Drop Homeopathic Medicine,Dr Reckeweg & Co,4.5,437,weakness,Acidum phosphoricum
SBL Kali Phosphoricum Biochemic Tablet 6X,SBL Pvt Ltd,4.6,933,fat,Semen Et Pollen Graminis D30
Bjain Phytolacca Berry Mother Tincture Q,Bjain Pharmaceuticals Pvt Ltd,4.6,42,fat,Semen Et Pollen Graminis D30
Dr Willmar Schwabe Germany Cineraria Maritima Schwabe Eye Drop Alcohol Free,Dr Willmar Schwabe India Pvt Ltd,4.5,74,eyes,Semen Et Pollen Graminis D31
SBL Calcarea Fluorica Biochemic Tablet 6X,SBL Pvt Ltd,4.5,949,joint,Semen Et Pollen Graminis D33
Bakson's Rheum Aid Tablet,Bakson's Homeopathy,4.6,141,joint,Calcarea phos
Bjain Terminalia Arjuna Mother Tincture Q,Bjain Pharmaceuticals Pvt Ltd,4.7,91,heart,Semen Et Pollen Graminis D30
SBL Arnica Montana Dilution 200 CH,SBL Pvt Ltd,4.6,1677,eyes,Semen Et Pollen Graminis D31
SBL Syzygium Jambolanum Mother Tincture Q,SBL Pvt Ltd,4.6,807,fat,Semen Et Pollen Graminis D32
Dr Willmar Schwabe India Berberis Aquifolium Mother Tincture Q,Dr Willmar Schwabe India Pvt Ltd,4.3,684,eyes,Semen Et Pollen Graminis D33
Dr Willmar Schwabe Germany Cineraria Maritima Without Alcohol Eye Drop,Dr Willmar Schwabe India Pvt Ltd,4.6,1148,eyes,Seneciobicolor (cineraria maritima)
Dr Batra's Homeo+ Immunity Medicine Oral Drops (30ml Each),Dr Batra Positive Health Products Limited,0,0,immunity,Thuja
SBL Arnica Montana Herbal Shampoo with TJC,SBL Pvt Ltd,4.4,679,hair,Aqua Distilled
Boericke and Tafel Arnica Shampoo,Dr Willmar Schwabe India Pvt Ltd,4.3,229,hair,Arnica
Dr. Reckeweg R78 Eye Care Drop,Dr Reckeweg & Co,4.4,103,eyes,Belladonna
Bjain Omeo Ear Drop,Bjain Pharmaceuticals Pvt Ltd,0,0,ears,Calendula officinalis 0.30ml
Bakson's Vitamin D Plus Capsule,Bakson's Homeopathy,4.4,116,immunity,Vitamin D
Hapdco Rheumacon Pain Relief Oil,HAPDCO,4.3,156,joint,Arnica
Fourrts Gum Forte Gel Homoeopathic Toothpaste,Fourrts India Laboratories Pvt Ltd,4.6,167,ears,Plantago Q
Dr Batra's Homeo+ Immunity Medicine Oral Drops (30ml Each),Dr Batra Positive Health Products Limited,0,0,immunity,Thuja
SBL Jaborandi Hair Oil,SBL Pvt Ltd,4.3,243,hair,Jaborandi herb
SBL Cineraria Maritima 10% Eye Drop,SBL Pvt Ltd,4.5,228,improve poor night vision,Aqua Distilled
ADEL Diacard Gold Madaus Drop Homeopathic Medicine,Adel Pekana Germany,4.6,315,heart,Cactus grandiflorus.2X
Bjain Guatteria Gaumeri Drop,Bjain Pharmaceuticals Pvt Ltd,4.6,213,fat,Guatteria Gaumeri
Bjain Guatteria Gaumeri Drop,Bjain Pharmaceuticals Pvt Ltd,4.6,213,fat,Guatteria Gaumeri
SBL Sarracenia Purpurea Dilution 1000 CH,SBL Pvt Ltd,4.8,24,eyes,Semen Et Pollen Graminis D30
Dr. Reckeweg Calcarea Phosphorica Biochemic Tablet 6X,Dr Reckeweg & Co,4.7,797,ears,Calcarea phos
Dr Batra's Homeo+ Immunity Medicine Oral Drops (30ml Each),Dr Batra Positive Health Products Limited,0,0,immunity,Thuja
Dr. Reckeweg R41 Sexual Neurasthenia Drop,Dr Reckeweg & Co,4.1,974,fat,Acidum phosphoricum
Dr. Reckeweg R89 Hair Care Drop,Dr Reckeweg & Co,4.3,1113,hair, Juglans
Bakson's Y-Lax Tablet,Bakson's Homeopathy,4.5,586,body pain,Senna
Bjain Avena Sativa Mother Tincture Q,Bjain Pharmaceuticals Pvt Ltd,4.4,52,weakness,Avena Sativa
Dr Willmar Schwabe India Thyroidinum Trituration Tablet 3X,Dr Willmar Schwabe India Pvt Ltd,4.5,276,eyes,Thyroidinum 3X
SBL Stobal Cough Syrup,SBL Pvt Ltd,4.6,1160,cough,Semen Et Pollen Graminis D30
Dr. Reckeweg Berberis Vul Mother Tincture Q,Dr Reckeweg & Co,4.5,621,body pain,Berberis vulgaris
Dr Batra's Homeo+ Immunity Medicine Oral Drops (30ml Each),Dr Batra Positive Health Products Limited,0,0,immunity,Thuja
Dr. Reckeweg R73 Joint Pain Drop,Dr Reckeweg & Co,4.5,564,joint,Arnica
Bakson's Y-Lax Tablet,Bakson's Homeopathy,4.5,586,body pain,Senna
Dr Willmar Schwabe India Damiaplant Drop,Dr Willmar Schwabe India Pvt Ltd,4,578,depression,Semen Et Pollen Graminis D30
Bjain Omeo Allergy Tablet,Bjain Pharmaceuticals Pvt Ltd,4.1,42,eyes,Ferrum phosphoricum
SBL Arnica Montana Hair Oil with Tjc,SBL Pvt Ltd,4.4,555,hair,Thuja
Bakson's Throat Aid Tablet,Bakson's Homeopathy,4.5,422,cough,Ferrum phosphoricum
SBL Scalptone Tablet,SBL Pvt Ltd,4.3,305,hair,Calcarea phos
Bjain Omeo Mouth Ulcer Tablet,Bjain Pharmaceuticals Pvt Ltd,4.4,48,depression,Verbascum thapsus 0.10ml
SBL Nux Vomica Dilution 30 CH,SBL Pvt Ltd,4.6,1877,eyes,Pulvis Herbae Inutilis D31
SBL Clearstone Drop,SBL Pvt Ltd,4.5,762,body pain,Berberis vulgaris
Bakson's Aller Aid Tablet,Bakson's Homeopathy,4.5,534,heart,Ferrum phosphoricum
Bjain Lycopodium Clavatum Dilution 200 CH,Bjain Pharmaceuticals Pvt Ltd,4.7,45,body pain,Lycopodium clavatum
Bakson's Aller Aid Tablet,Bakson's Homeopathy,4.5,534,heart,Ferrum phosphoricum
Dr. Reckeweg R13 Hemorrhoidal Drop,Dr Reckeweg & Co,4.4,557,body pain,Acidum nitricum
Bhargava Spondin Drop,Bhargava Phytolab,4.6,902,body pain,Cuprum metallicium 6X
Bjain Baryta Carbonica Dilution 30 CH,Bjain Pharmaceuticals Pvt Ltd,4.8,29,weakness,Baryta Carb
SBL Berberis Vulgaris Mother Tincture Q,SBL Pvt Ltd,4.6,689,body pain,Pulvis Herbae Inutilis D30
Dr. Reckeweg R40 Diabetes Drop Homeopathic Medicine,Dr Reckeweg & Co,4.5,437,weakness,Acidum phosphoricum
SBL Kali Phosphoricum Biochemic Tablet 6X,SBL Pvt Ltd,4.6,933,fat,Pulvis Herbae Inutilis D30
Bjain Phytolacca Berry Mother Tincture Q,Bjain Pharmaceuticals Pvt Ltd,4.6,42,fat,Pulvis Herbae Inutilis D31
Dr Willmar Schwabe Germany Cineraria Maritima Schwabe Eye Drop Alcohol Free,Dr Willmar Schwabe India Pvt Ltd,4.5,74,eyes,Pulvis Herbae Inutilis D32
SBL Calcarea Fluorica Biochemic Tablet 6X,SBL Pvt Ltd,4.5,949,joint,Pulvis Herbae Inutilis D33
Bakson's Rheum Aid Tablet,Bakson's Homeopathy,4.6,141,joint,Calcarea phos
Bjain Terminalia Arjuna Mother Tincture Q,Bjain Pharmaceuticals Pvt Ltd,4.7,91,heart,Pulvis Herbae Inutilis D30
SBL Arnica Montana Dilution 200 CH,SBL Pvt Ltd,4.6,1677,eyes,Pulvis Herbae Inutilis D31
SBL Syzygium Jambolanum Mother Tincture Q,SBL Pvt Ltd,4.6,807,fat,Pulvis Herbae Inutilis D32
Dr Willmar Schwabe India Berberis Aquifolium Mother Tincture Q,Dr Willmar Schwabe India Pvt Ltd,4.3,684,eyes,Pulvis Herbae Inutilis D33
Dr Willmar Schwabe Germany Cineraria Maritima Without Alcohol Eye Drop,Dr Willmar Schwabe India Pvt Ltd,4.6,1148,eyes,Seneciobicolor (cineraria maritima)
Dr Batra's Homeo+ Immunity Medicine Oral Drops (30ml Each),Dr Batra Positive Health Products Limited,0,0,immunity,Thuja
SBL Arnica Montana Herbal Shampoo with TJC,SBL Pvt Ltd,4.4,679,hair,Pulvis Herbae Inutilis D30
Boericke and Tafel Arnica Shampoo,Dr Willmar Schwabe India Pvt Ltd,4.3,229,hair,Arnica
Dr. Reckeweg R78 Eye Care Drop,Dr Reckeweg & Co,4.4,103,eyes,Belladonna
Bjain Omeo Ear Drop,Bjain Pharmaceuticals Pvt Ltd,0,0,ears,Calendula officinalis 0.30ml
Bakson's Vitamin D Plus Capsule,Bakson's Homeopathy,4.4,116,immunity,Vitamin D
Hapdco Rheumacon Pain Relief Oil,HAPDCO,4.3,156,joint,Arnica
Fourrts Gum Forte Gel Homoeopathic Toothpaste,Fourrts India Laboratories Pvt Ltd,4.6,167,ears,Plantago Q
Dr Batra's Homeo+ Immunity Medicine Oral Drops (30ml Each),Dr Batra Positive Health Products Limited,0,0,immunity,Thuja
SBL Jaborandi Hair Oil,SBL Pvt Ltd,4.3,243,hair,Jaborandi herb
SBL Cineraria Maritima 10% Eye Drop,SBL Pvt Ltd,4.5,228,improve poor night vision,Aqua Distilled
ADEL Diacard Gold Madaus Drop Homeopathic Medicine,Adel Pekana Germany,4.6,315,heart,Cactus grandiflorus.2X
Bjain Guatteria Gaumeri Drop,Bjain Pharmaceuticals Pvt Ltd,4.6,213,fat,Guatteria Gaumeri
Bjain Guatteria Gaumeri Drop,Bjain Pharmaceuticals Pvt Ltd,4.6,213,fat,Guatteria Gaumeri
SBL Sarracenia Purpurea Dilution 1000 CH,SBL Pvt Ltd,4.8,24,eyes,Pulvis Herbae Inutilis D30
Dr. Reckeweg Calcarea Phosphorica Biochemic Tablet 6X,Dr Reckeweg & Co,4.7,797,ears,Calcarea phos
Dr Batra's Homeo+ Immunity Medicine Oral Drops (30ml Each),Dr Batra Positive Health Products Limited,0,0,immunity,Thuja
Dr. Reckeweg R41 Sexual Neurasthenia Drop,Dr Reckeweg & Co,4.1,974,fat,Acidum phosphoricum
Dr. Reckeweg R89 Hair Care Drop,Dr Reckeweg & Co,4.3,1113,hair, Juglans
Bakson's Y-Lax Tablet,Bakson's Homeopathy,4.5,586,body pain,Senna
Bjain Avena Sativa Mother Tincture Q,Bjain Pharmaceuticals Pvt Ltd,4.4,52,weakness,Avena Sativa
Dr Willmar Schwabe India Thyroidinum Trituration Tablet 3X,Dr Willmar Schwabe India Pvt Ltd,4.5,276,eyes,Thyroidinum 3X
SBL Stobal Cough Syrup,SBL Pvt Ltd,4.6,1159,cough,Pulvis Herbae Inutilis D30
Dr. Reckeweg Berberis Vul Mother Tincture Q,Dr Reckeweg & Co,4.5,621,body pain,Berberis vulgaris
Dr Batra's Homeo+ Immunity Medicine Oral Drops (30ml Each),Dr Batra Positive Health Products Limited,0,0,immunity,Thuja
Dr. Reckeweg R73 Joint Pain Drop,Dr Reckeweg & Co,4.5,564,joint,Arnica
Bakson's Y-Lax Tablet,Bakson's Homeopathy,4.5,586,body pain,Senna
Dr Willmar Schwabe India Damiaplant Drop,Dr Willmar Schwabe India Pvt Ltd,4,578,depression,Pulvis Herbae Inutilis D30
Bjain Omeo Allergy Tablet,Bjain Pharmaceuticals Pvt Ltd,4.1,42,eyes,Ferrum phosphoricum
SBL Arnica Montana Hair Oil with Tjc,SBL Pvt Ltd,4.4,555,hair,Thuja
Bakson's Throat Aid Tablet,Bakson's Homeopathy,4.5,422,cough,Ferrum phosphoricum
SBL Scalptone Tablet,SBL Pvt Ltd,4.3,305,hair,Calcarea phos
Bjain Omeo Mouth Ulcer Tablet,Bjain Pharmaceuticals Pvt Ltd,4.4,48,depression,Verbascum thapsus 0.10ml
SBL Nux Vomica Dilution 30 CH,SBL Pvt Ltd,4.6,1877,eyes,Pulvis Herbae Inutilis D30
SBL Clearstone Drop,SBL Pvt Ltd,4.5,762,body pain,Berberis vulgaris
Bakson's Aller Aid Tablet,Bakson's Homeopathy,4.5,534,heart,Ferrum phosphoricum
Bjain Lycopodium Clavatum Dilution 200 CH,Bjain Pharmaceuticals Pvt Ltd,4.7,45,body pain,Lycopodium clavatum
Bakson's Aller Aid Tablet,Bakson's Homeopathy,4.5,534,heart,Ferrum phosphoricum
Dr. Reckeweg R13 Hemorrhoidal Drop,Dr Reckeweg & Co,4.4,557,body pain,Acidum nitricum
Bhargava Spondin Drop,Bhargava Phytolab,4.6,902,body pain,Cuprum metallicium 6X
Bjain Baryta Carbonica Dilution 30 CH,Bjain Pharmaceuticals Pvt Ltd,4.8,29,weakness,Baryta Carb
SBL Berberis Vulgaris Mother Tincture Q,SBL Pvt Ltd,4.6,689,body pain,Pulvis Herbae Inutilis D30
Dr. Reckeweg R40 Diabetes Drop Homeopathic Medicine,Dr Reckeweg & Co,4.5,437,weakness,Acidum phosphoricum
SBL Kali Phosphoricum Biochemic Tablet 6X,SBL Pvt Ltd,4.6,933,fat,Fungi D30
Bjain Phytolacca Berry Mother Tincture Q,Bjain Pharmaceuticals Pvt Ltd,4.6,42,fat,Fungi D31
Dr Willmar Schwabe Germany Cineraria Maritima Schwabe Eye Drop Alcohol Free,Dr Willmar Schwabe India Pvt Ltd,4.5,74,eyes,Fungi D32
SBL Calcarea Fluorica Biochemic Tablet 6X,SBL Pvt Ltd,4.5,949,joint,Fungi D33
Bakson's Rheum Aid Tablet,Bakson's Homeopathy,4.6,141,joint,Calcarea phos
Bjain Terminalia Arjuna Mother Tincture Q,Bjain Pharmaceuticals Pvt Ltd,4.7,91,heart,Fungi D30
SBL Arnica Montana Dilution 200 CH,SBL Pvt Ltd,4.6,1677,eyes,Fungi D31
SBL Syzygium Jambolanum Mother Tincture Q,SBL Pvt Ltd,4.6,807,fat,Fungi D32
Dr Willmar Schwabe India Berberis Aquifolium Mother Tincture Q,Dr Willmar Schwabe India Pvt Ltd,4.3,684,eyes,Fungi D33
Dr Willmar Schwabe Germany Cineraria Maritima Without Alcohol Eye Drop,Dr Willmar Schwabe India Pvt Ltd,4.6,1148,eyes,Seneciobicolor (cineraria maritima)
Dr Batra's Homeo+ Immunity Medicine Oral Drops (30ml Each),Dr Batra Positive Health Products Limited,0,0,immunity,Thuja
SBL Arnica Montana Herbal Shampoo with TJC,SBL Pvt Ltd,4.4,679,hair,Fungi D30
Boericke and Tafel Arnica Shampoo,Dr Willmar Schwabe India Pvt Ltd,4.3,229,hair,Arnica
Dr. Reckeweg R78 Eye Care Drop,Dr Reckeweg & Co,4.4,103,eyes,Belladonna
Bjain Omeo Ear Drop,Bjain Pharmaceuticals Pvt Ltd,0,0,ears,Calendula officinalis 0.30ml
Bakson's Vitamin D Plus Capsule,Bakson's Homeopathy,4.4,116,immunity,Vitamin D
Hapdco Rheumacon Pain Relief Oil,HAPDCO,4.3,156,joint,Arnica
Fourrts Gum Forte Gel Homoeopathic Toothpaste,Fourrts India Laboratories Pvt Ltd,4.6,167,ears,Plantago Q
Dr Batra's Homeo+ Immunity Medicine Oral Drops (30ml Each),Dr Batra Positive Health Products Limited,0,0,immunity,Thuja
SBL Jaborandi Hair Oil,SBL Pvt Ltd,4.3,243,hair,Jaborandi herb
SBL Cineraria Maritima 10% Eye Drop,SBL Pvt Ltd,4.5,228,improve poor night vision,Aqua Distilled
ADEL Diacard Gold Madaus Drop Homeopathic Medicine,Adel Pekana Germany,4.6,315,heart,Cactus grandiflorus.2X
Bjain Guatteria Gaumeri Drop,Bjain Pharmaceuticals Pvt Ltd,4.6,213,fat,Guatteria Gaumeri
Bjain Guatteria Gaumeri Drop,Bjain Pharmaceuticals Pvt Ltd,4.6,213,fat,Guatteria Gaumeri
SBL Sarracenia Purpurea Dilution 1000 CH,SBL Pvt Ltd,4.8,24,eyes,Fungi D30
Dr. Reckeweg Calcarea Phosphorica Biochemic Tablet 6X,Dr Reckeweg & Co,4.7,797,ears,Calcarea phos
Dr Batra's Homeo+ Immunity Medicine Oral Drops (30ml Each),Dr Batra Positive Health Products Limited,0,0,immunity,Thuja
Dr. Reckeweg R41 Sexual Neurasthenia Drop,Dr Reckeweg & Co,4.1,974,fat,Acidum phosphoricum
Dr. Reckeweg R89 Hair Care Drop,Dr Reckeweg & Co,4.3,1113,hair, Juglans
Bakson's Y-Lax Tablet,Bakson's Homeopathy,4.5,586,body pain,Senna
Bjain Avena Sativa Mother Tincture Q,Bjain Pharmaceuticals Pvt Ltd,4.4,52,weakness,Avena Sativa
Dr Willmar Schwabe India Thyroidinum Trituration Tablet 3X,Dr Willmar Schwabe India Pvt Ltd,4.5,276,eyes,Thyroidinum 3X
SBL Stobal Cough Syrup,SBL Pvt Ltd,4.6,1159,cough,Fungi D30
Dr. Reckeweg Berberis Vul Mother Tincture Q,Dr Reckeweg & Co,4.5,621,body pain,Berberis vulgaris
Dr Batra's Homeo+ Immunity Medicine Oral Drops (30ml Each),Dr Batra Positive Health Products Limited,0,0,immunity,Thuja
Dr. Reckeweg R73 Joint Pain Drop,Dr Reckeweg & Co,4.5,564,joint,Arnica
Bakson's Y-Lax Tablet,Bakson's Homeopathy,4.5,586,body pain,Senna
Dr Willmar Schwabe India Damiaplant Drop,Dr Willmar Schwabe India Pvt Ltd,4,578,depression,Fungi D30
Bjain Omeo Allergy Tablet,Bjain Pharmaceuticals Pvt Ltd,4.1,42,eyes,Ferrum phosphoricum
SBL Arnica Montana Hair Oil with Tjc,SBL Pvt Ltd,4.4,555,hair,Thuja
Bakson's Throat Aid Tablet,Bakson's Homeopathy,4.5,422,cough,Ferrum phosphoricum
SBL Scalptone Tablet,SBL Pvt Ltd,4.3,305,hair,Calcarea phos
Bjain Omeo Mouth Ulcer Tablet,Bjain Pharmaceuticals Pvt Ltd,4.4,48,depression,Verbascum thapsus 0.10ml
SBL Nux Vomica Dilution 30 CH,SBL Pvt Ltd,4.6,1877,eyes,Fungi D30
SBL Clearstone Drop,SBL Pvt Ltd,4.5,762,body pain,Berberis vulgaris
Bakson's Aller Aid Tablet,Bakson's Homeopathy,4.5,534,heart,Ferrum phosphoricum
Bjain Lycopodium Clavatum Dilution 200 CH,Bjain Pharmaceuticals Pvt Ltd,4.7,45,body pain,Lycopodium clavatum
Bakson's Aller Aid Tablet,Bakson's Homeopathy,4.5,534,heart,Ferrum phosphoricum
Dr. Reckeweg R13 Hemorrhoidal Drop,Dr Reckeweg & Co,4.4,557,body pain,Acidum nitricum
Bhargava Spondin Drop,Bhargava Phytolab,4.6,902,body pain,Cuprum metallicium 6X
Bjain Baryta Carbonica Dilution 30 CH,Bjain Pharmaceuticals Pvt Ltd,4.8,29,weakness,Baryta Carb
SBL Berberis Vulgaris Mother Tincture Q,SBL Pvt Ltd,4.6,689,body pain,Fungi D30
Dr. Reckeweg R40 Diabetes Drop Homeopathic Medicine,Dr Reckeweg & Co,4.5,437,weakness,Acidum phosphoricum
SBL Kali Phosphoricum Biochemic Tablet 6X,SBL Pvt Ltd,4.6,933,fat,Semen Et Pollen
Bjain Phytolacca Berry Mother Tincture Q,Bjain Pharmaceuticals Pvt Ltd,4.6,42,fat,Semen Et Pollen
Dr Willmar Schwabe Germany Cineraria Maritima Schwabe Eye Drop Alcohol Free,Dr Willmar Schwabe India Pvt Ltd,4.5,74,eyes,Semen Et Pollen
SBL Calcarea Fluorica Biochemic Tablet 6X,SBL Pvt Ltd,4.5,949,joint,Semen Et Pollen
Bakson's Rheum Aid Tablet,Bakson's Homeopathy,4.6,141,joint,Calcarea phos
Bjain Terminalia Arjuna Mother Tincture Q,Bjain Pharmaceuticals Pvt Ltd,4.7,91,heart,Semen Et Pollen
SBL Arnica Montana Dilution 200 CH,SBL Pvt Ltd,4.6,1677,eyes,Semen Et Pollen
SBL Syzygium Jambolanum Mother Tincture Q,SBL Pvt Ltd,4.6,807,fat,Semen Et Pollen
Dr Willmar Schwabe India Berberis Aquifolium Mother Tincture Q,Dr Willmar Schwabe India Pvt Ltd,4.3,684,eyes,Semen Et Pollen
Dr Willmar Schwabe Germany Cineraria Maritima Without Alcohol Eye Drop,Dr Willmar Schwabe India Pvt Ltd,4.6,1148,eyes,Seneciobicolor (cineraria maritima)
Dr Batra's Homeo+ Immunity Medicine Oral Drops (30ml Each),Dr Batra Positive Health Products Limited,0,0,immunity,Thuja
SBL Arnica Montana Herbal Shampoo with TJC,SBL Pvt Ltd,4.4,679,hair,Semen Et Pollen
Boericke and Tafel Arnica Shampoo,Dr Willmar Schwabe India Pvt Ltd,4.3,229,hair,Arnica
Dr. Reckeweg R78 Eye Care Drop,Dr Reckeweg & Co,4.4,103,eyes,Belladonna
Bjain Omeo Ear Drop,Bjain Pharmaceuticals Pvt Ltd,0,0,ears,Calendula officinalis 0.30ml
Bakson's Vitamin D Plus Capsule,Bakson's Homeopathy,4.4,116,immunity,Vitamin D
Hapdco Rheumacon Pain Relief Oil,HAPDCO,4.3,156,joint,Arnica
Fourrts Gum Forte Gel Homoeopathic Toothpaste,Fourrts India Laboratories Pvt Ltd,4.6,167,ears,Plantago Q
Dr Batra's Homeo+ Immunity Medicine Oral Drops (30ml Each),Dr Batra Positive Health Products Limited,0,0,immunity,Thuja
SBL Jaborandi Hair Oil,SBL Pvt Ltd,4.3,243,hair,Jaborandi herb
SBL Cineraria Maritima 10% Eye Drop,SBL Pvt Ltd,4.5,228,improve poor night vision,Aqua Distilled
ADEL Diacard Gold Madaus Drop Homeopathic Medicine,Adel Pekana Germany,4.6,315,heart,Cactus grandiflorus.2X
Bjain Guatteria Gaumeri Drop,Bjain Pharmaceuticals Pvt Ltd,4.6,213,fat,Guatteria Gaumeri
Bjain Guatteria Gaumeri Drop,Bjain Pharmaceuticals Pvt Ltd,4.6,213,fat,Guatteria Gaumeri
SBL Sarracenia Purpurea Dilution 1000 CH,SBL Pvt Ltd,4.8,24,eyes,Semen Et Pollen
Dr. Reckeweg Calcarea Phosphorica Biochemic Tablet 6X,Dr Reckeweg & Co,4.7,797,ears,Calcarea phos
Dr Batra's Homeo+ Immunity Medicine Oral Drops (30ml Each),Dr Batra Positive Health Products Limited,0,0,immunity,Thuja
Dr. Reckeweg R41 Sexual Neurasthenia Drop,Dr Reckeweg & Co,4.1,974,fat,Acidum phosphoricum
Dr. Reckeweg R89 Hair Care Drop,Dr Reckeweg & Co,4.3,1113,hair, Juglans
Bakson's Y-Lax Tablet,Bakson's Homeopathy,4.5,586,body pain,Senna
Bjain Avena Sativa Mother Tincture Q,Bjain Pharmaceuticals Pvt Ltd,4.4,52,weakness,Avena Sativa
Dr Willmar Schwabe India Thyroidinum Trituration Tablet 3X,Dr Willmar Schwabe India Pvt Ltd,4.5,276,eyes,Thyroidinum 3X
SBL Stobal Cough Syrup,SBL Pvt Ltd,4.6,1159,cough,Semen Et Pollen
Dr. Reckeweg Berberis Vul Mother Tincture Q,Dr Reckeweg & Co,4.5,621,body pain,Berberis vulgaris
Dr Batra's Homeo+ Immunity Medicine Oral Drops (30ml Each),Dr Batra Positive Health Products Limited,0,0,immunity,Thuja
Dr. Reckeweg R73 Joint Pain Drop,Dr Reckeweg & Co,4.5,564,joint,Arnica
Bakson's Y-Lax Tablet,Bakson's Homeopathy,4.5,586,body pain,Senna
Dr Willmar Schwabe India Damiaplant Drop,Dr Willmar Schwabe India Pvt Ltd,4,578,depression,Semen Et Pollen
Bjain Omeo Allergy Tablet,Bjain Pharmaceuticals Pvt Ltd,4.1,42,eyes,Ferrum phosphoricum
SBL Arnica Montana Hair Oil with Tjc,SBL Pvt Ltd,4.4,555,hair,Thuja
Bakson's Throat Aid Tablet,Bakson's Homeopathy,4.5,422,cough,Ferrum phosphoricum
SBL Scalptone Tablet,SBL Pvt Ltd,4.3,305,hair,Calcarea phos
Bjain Omeo Mouth Ulcer Tablet,Bjain Pharmaceuticals Pvt Ltd,4.4,48,depression,Verbascum thapsus 0.10ml
SBL Nux Vomica Dilution 30 CH,SBL Pvt Ltd,4.6,1877,eyes,Semen Et Pollen
SBL Clearstone Drop,SBL Pvt Ltd,4.5,762,body pain,Berberis vulgaris
Bakson's Aller Aid Tablet,Bakson's Homeopathy,4.5,534,heart,Ferrum phosphoricum
Bjain Lycopodium Clavatum Dilution 200 CH,Bjain Pharmaceuticals Pvt Ltd,4.7,45,body pain,Lycopodium clavatum
Bakson's Aller Aid Tablet,Bakson's Homeopathy,4.5,534,heart,Ferrum phosphoricum
Dr. Reckeweg R13 Hemorrhoidal Drop,Dr Reckeweg & Co,4.4,557,body pain,Acidum nitricum
Bhargava Spondin Drop,Bhargava Phytolab,4.6,902,body pain,Cuprum metallicium 6X
Bjain Baryta Carbonica Dilution 30 CH,Bjain Pharmaceuticals Pvt Ltd,4.8,29,weakness,Baryta Carb
SBL Berberis Vulgaris Mother Tincture Q,SBL Pvt Ltd,4.6,689,body pain,Adrenalium D5
Dr. Reckeweg R40 Diabetes Drop Homeopathic Medicine,Dr Reckeweg & Co,4.5,437,weakness,Adrenalium D4
SBL Kali Phosphoricum Biochemic Tablet 6X,SBL Pvt Ltd,4.6,933,fat,Adrenalium D3
Bjain Phytolacca Berry Mother Tincture Q,Bjain Pharmaceuticals Pvt Ltd,4.6,42,fat,Adrenalium D2
Dr Willmar Schwabe Germany Cineraria Maritima Schwabe Eye Drop Alcohol Free,Dr Willmar Schwabe India Pvt Ltd,4.5,74,eyes,Adrenalium D1
SBL Calcarea Fluorica Biochemic Tablet 6X,SBL Pvt Ltd,4.5,949,joint,Adrenalium D0
Bakson's Rheum Aid Tablet,Bakson's Homeopathy,4.6,141,joint,Adrenalium D1
Bjain Terminalia Arjuna Mother Tincture Q,Bjain Pharmaceuticals Pvt Ltd,4.7,91,heart,Adrenalium D2
SBL Arnica Montana Dilution 200 CH,SBL Pvt Ltd,4.6,1677,eyes,Adrenalium D3
SBL Syzygium Jambolanum Mother Tincture Q,SBL Pvt Ltd,4.6,807,fat,Adrenalium D4
Dr Willmar Schwabe India Berberis Aquifolium Mother Tincture Q,Dr Willmar Schwabe India Pvt Ltd,4.3,684,eyes,Adrenalium D5
Dr Willmar Schwabe Germany Cineraria Maritima Without Alcohol Eye Drop,Dr Willmar Schwabe India Pvt Ltd,4.6,1148,eyes,Seneciobicolor (cineraria maritima)
Dr Batra's Homeo+ Immunity Medicine Oral Drops (30ml Each),Dr Batra Positive Health Products Limited,0,0,immunity,Thuja
SBL Arnica Montana Herbal Shampoo with TJC,SBL Pvt Ltd,4.4,679,hair,Semen Et Pollen
Boericke and Tafel Arnica Shampoo,Dr Willmar Schwabe India Pvt Ltd,4.3,229,hair,Arnica
Dr. Reckeweg R78 Eye Care Drop,Dr Reckeweg & Co,4.4,103,eyes,Belladonna
Bjain Omeo Ear Drop,Bjain Pharmaceuticals Pvt Ltd,0,0,ears,Calendula officinalis 0.30ml
Bakson's Vitamin D Plus Capsule,Bakson's Homeopathy,4.4,116,immunity,Vitamin D
Hapdco Rheumacon Pain Relief Oil,HAPDCO,4.3,156,joint,Arnica
Fourrts Gum Forte Gel Homoeopathic Toothpaste,Fourrts India Laboratories Pvt Ltd,4.6,167,ears,Plantago Q
Dr Batra's Homeo+ Immunity Medicine Oral Drops (30ml Each),Dr Batra Positive Health Products Limited,0,0,immunity,Thuja
SBL Jaborandi Hair Oil,SBL Pvt Ltd,4.3,243,hair,Jaborandi herb
SBL Cineraria Maritima 10% Eye Drop,SBL Pvt Ltd,4.5,228,improve poor night vision,Aqua Distilled
ADEL Diacard Gold Madaus Drop Homeopathic Medicine,Adel Pekana Germany,4.6,315,heart,Cactus grandiflorus.2X
Bjain Guatteria Gaumeri Drop,Bjain Pharmaceuticals Pvt Ltd,4.6,213,fat,Guatteria Gaumeri
Bjain Guatteria Gaumeri Drop,Bjain Pharmaceuticals Pvt Ltd,4.6,213,fat,Guatteria Gaumeri
SBL Sarracenia Purpurea Dilution 1000 CH,SBL Pvt Ltd,4.8,24,eyes,Adrenalium D5
Dr. Reckeweg Calcarea Phosphorica Biochemic Tablet 6X,Dr Reckeweg & Co,4.7,797,ears,Calcarea phos
Dr Batra's Homeo+ Immunity Medicine Oral Drops (30ml Each),Dr Batra Positive Health Products Limited,0,0,immunity,Thuja
Dr. Reckeweg R41 Sexual Neurasthenia Drop,Dr Reckeweg & Co,4.1,974,fat,Acidum phosphoricum
Dr. Reckeweg R89 Hair Care Drop,Dr Reckeweg & Co,4.3,1113,hair, Juglans
Bakson's Y-Lax Tablet,Bakson's Homeopathy,4.5,586,body pain,Senna
Bjain Avena Sativa Mother Tincture Q,Bjain Pharmaceuticals Pvt Ltd,4.4,52,weakness,Avena Sativa
Dr Willmar Schwabe India Thyroidinum Trituration Tablet 3X,Dr Willmar Schwabe India Pvt Ltd,4.5,276,eyes,Thyroidinum 3X
SBL Stobal Cough Syrup,SBL Pvt Ltd,4.6,1159,cough,Adrenalium D5
Dr. Reckeweg Berberis Vul Mother Tincture Q,Dr Reckeweg & Co,4.5,621,body pain,Berberis vulgaris
Dr Batra's Homeo+ Immunity Medicine Oral Drops (30ml Each),Dr Batra Positive Health Products Limited,0,0,immunity,Thuja
Dr. Reckeweg R73 Joint Pain Drop,Dr Reckeweg & Co,4.5,564,joint,Arnica
Bakson's Y-Lax Tablet,Bakson's Homeopathy,4.5,586,body pain,Senna
Dr Willmar Schwabe India Damiaplant Drop,Dr Willmar Schwabe India Pvt Ltd,4,578,depression,Adrenalium D5
Bjain Omeo Allergy Tablet,Bjain Pharmaceuticals Pvt Ltd,4.1,42,eyes,Ferrum phosphoricum
SBL Arnica Montana Hair Oil with Tjc,SBL Pvt Ltd,4.4,555,hair,Thuja
Bakson's Throat Aid Tablet,Bakson's Homeopathy,4.5,422,cough,Ferrum phosphoricum
SBL Scalptone Tablet,SBL Pvt Ltd,4.3,305,hair,Calcarea phos
Bjain Omeo Mouth Ulcer Tablet,Bjain Pharmaceuticals Pvt Ltd,4.4,48,depression,Verbascum thapsus 0.10ml
SBL Nux Vomica Dilution 30 CH,SBL Pvt Ltd,4.6,1877,eyes,Adrenalium D5
SBL Clearstone Drop,SBL Pvt Ltd,4.5,762,body pain,Berberis vulgaris
Bakson's Aller Aid Tablet,Bakson's Homeopathy,4.5,534,heart,Ferrum phosphoricum
Bjain Lycopodium Clavatum Dilution 200 CH,Bjain Pharmaceuticals Pvt Ltd,4.7,45,body pain,Lycopodium clavatum
Bakson's Aller Aid Tablet,Bakson's Homeopathy,4.5,534,heart,Ferrum phosphoricum
Dr. Reckeweg R13 Hemorrhoidal Drop,Dr Reckeweg & Co,4.4,557,body pain,Acidum nitricum
Bhargava Spondin Drop,Bhargava Phytolab,4.6,902,body pain,Cuprum metallicium 6X
Bjain Baryta Carbonica Dilution 30 CH,Bjain Pharmaceuticals Pvt Ltd,4.8,29,weakness,Baryta Carb
SBL Berberis Vulgaris Mother Tincture Q,SBL Pvt Ltd,4.6,689,body pain,Arnica Dilution
Dr. Reckeweg R40 Diabetes Drop Homeopathic Medicine,Dr Reckeweg & Co,4.5,437,weakness,Acidum phosphoricum
SBL Kali Phosphoricum Biochemic Tablet 6X,SBL Pvt Ltd,4.6,933,fat,Arnica Dilution
Bjain Phytolacca Berry Mother Tincture Q,Bjain Pharmaceuticals Pvt Ltd,4.6,42,fat,Arnica Dilution
Dr Willmar Schwabe Germany Cineraria Maritima Schwabe Eye Drop Alcohol Free,Dr Willmar Schwabe India Pvt Ltd,4.5,74,eyes,Arnica Dilution
SBL Calcarea Fluorica Biochemic Tablet 6X,SBL Pvt Ltd,4.5,949,joint,Arnica Dilution
Bakson's Rheum Aid Tablet,Bakson's Homeopathy,4.6,141,joint,Calcarea phos
Bjain Terminalia Arjuna Mother Tincture Q,Bjain Pharmaceuticals Pvt Ltd,4.7,91,heart,Arnica Dilution
SBL Arnica Montana Dilution 200 CH,SBL Pvt Ltd,4.6,1677,eyes,Arnica Dilution
SBL Syzygium Jambolanum Mother Tincture Q,SBL Pvt Ltd,4.6,807,fat,Arnica Dilution
Dr Willmar Schwabe India Berberis Aquifolium Mother Tincture Q,Dr Willmar Schwabe India Pvt Ltd,4.3,684,eyes,Arnica Dilution
Dr Willmar Schwabe Germany Cineraria Maritima Without Alcohol Eye Drop,Dr Willmar Schwabe India Pvt Ltd,4.6,1148,eyes,Seneciobicolor (cineraria maritima)
Dr Batra's Homeo+ Immunity Medicine Oral Drops (30ml Each),Dr Batra Positive Health Products Limited,0,0,immunity,Thuja
SBL Arnica Montana Herbal Shampoo with TJC,SBL Pvt Ltd,4.4,679,hair,Arnica Dilution
Boericke and Tafel Arnica Shampoo,Dr Willmar Schwabe India Pvt Ltd,4.3,229,hair,Arnica
Dr. Reckeweg R78 Eye Care Drop,Dr Reckeweg & Co,4.4,103,eyes,Belladonna
Bjain Omeo Ear Drop,Bjain Pharmaceuticals Pvt Ltd,0,0,ears,Calendula officinalis 0.30ml
Bakson's Vitamin D Plus Capsule,Bakson's Homeopathy,4.4,116,immunity,Vitamin D
Hapdco Rheumacon Pain Relief Oil,HAPDCO,4.3,156,joint,Arnica
Fourrts Gum Forte Gel Homoeopathic Toothpaste,Fourrts India Laboratories Pvt Ltd,4.6,167,ears,Plantago Q
Dr Batra's Homeo+ Immunity Medicine Oral Drops (30ml Each),Dr Batra Positive Health Products Limited,0,0,immunity,Thuja
SBL Jaborandi Hair Oil,SBL Pvt Ltd,4.3,243,hair,Jaborandi herb
SBL Cineraria Maritima 10% Eye Drop,SBL Pvt Ltd,4.5,228,improve poor night vision,Aqua Distilled
ADEL Diacard Gold Madaus Drop Homeopathic Medicine,Adel Pekana Germany,4.6,315,heart,Cactus grandiflorus.2X
Bjain Guatteria Gaumeri Drop,Bjain Pharmaceuticals Pvt Ltd,4.6,213,fat,Guatteria Gaumeri
Bjain Guatteria Gaumeri Drop,Bjain Pharmaceuticals Pvt Ltd,4.6,213,fat,Guatteria Gaumeri
SBL Sarracenia Purpurea Dilution 1000 CH,SBL Pvt Ltd,4.8,24,eyes,Adrenalium D5
Dr. Reckeweg Calcarea Phosphorica Biochemic Tablet 6X,Dr Reckeweg & Co,4.7,797,ears,Calcarea phos
Dr Batra's Homeo+ Immunity Medicine Oral Drops (30ml Each),Dr Batra Positive Health Products Limited,0,0,immunity,Thuja
Dr. Reckeweg R41 Sexual Neurasthenia Drop,Dr Reckeweg & Co,4.1,974,fat,Acidum phosphoricum
Dr. Reckeweg R89 Hair Care Drop,Dr Reckeweg & Co,4.3,1113,hair, Juglans
Bakson's Y-Lax Tablet,Bakson's Homeopathy,4.5,586,body pain,Senna
Bjain Avena Sativa Mother Tincture Q,Bjain Pharmaceuticals Pvt Ltd,4.4,52,weakness,Avena Sativa
Dr Willmar Schwabe India Thyroidinum Trituration Tablet 3X,Dr Willmar Schwabe India Pvt Ltd,4.5,276,eyes,Thyroidinum 3X
SBL Stobal Cough Syrup,SBL Pvt Ltd,4.6,1160,cough,Adrenalium D5
Dr. Reckeweg Berberis Vul Mother Tincture Q,Dr Reckeweg & Co,4.5,621,body pain,Berberis vulgaris
Dr Batra's Homeo+ Immunity Medicine Oral Drops (30ml Each),Dr Batra Positive Health Products Limited,0,0,immunity,Thuja
Dr. Reckeweg R73 Joint Pain Drop,Dr Reckeweg & Co,4.5,564,joint,Arnica
Bakson's Y-Lax Tablet,Bakson's Homeopathy,4.5,586,body pain,Senna
Dr Willmar Schwabe India Damiaplant Drop,Dr Willmar Schwabe India Pvt Ltd,4,578,depression,Adrenalium D5
Bjain Omeo Allergy Tablet,Bjain Pharmaceuticals Pvt Ltd,4.1,42,eyes,Ferrum phosphoricum
SBL Arnica Montana Hair Oil with Tjc,SBL Pvt Ltd,4.4,555,hair,Thuja
Bakson's Throat Aid Tablet,Bakson's Homeopathy,4.5,422,cough,Ferrum phosphoricum
SBL Scalptone Tablet,SBL Pvt Ltd,4.3,305,hair,Calcarea phos
Bjain Omeo Mouth Ulcer Tablet,Bjain Pharmaceuticals Pvt Ltd,4.4,48,depression,Verbascum thapsus 0.10ml
SBL Nux Vomica Dilution 30 CH,SBL Pvt Ltd,4.6,1877,eyes,Adrenalium D5
SBL Clearstone Drop,SBL Pvt Ltd,4.5,762,body pain,Berberis vulgaris
Bakson's Aller Aid Tablet,Bakson's Homeopathy,4.5,534,heart,Ferrum phosphoricum
Bjain Lycopodium Clavatum Dilution 200 CH,Bjain Pharmaceuticals Pvt Ltd,4.7,45,body pain,Lycopodium clavatum
Bakson's Aller Aid Tablet,Bakson's Homeopathy,4.5,534,heart,Ferrum phosphoricum
Dr. Reckeweg R13 Hemorrhoidal Drop,Dr Reckeweg & Co,4.4,557,body pain,Acidum nitricum
Bhargava Spondin Drop,Bhargava Phytolab,4.6,902,body pain,Cuprum metallicium 6X
Bjain Baryta Carbonica Dilution 30 CH,Bjain Pharmaceuticals Pvt Ltd,4.8,29,weakness,Baryta Carb
SBL Berberis Vulgaris Mother Tincture Q,SBL Pvt Ltd,4.6,689,body pain,Aesculus Hippocastanum
Dr. Reckeweg R40 Diabetes Drop Homeopathic Medicine,Dr Reckeweg & Co,4.5,437,weakness,Acidum phosphoricum
SBL Kali Phosphoricum Biochemic Tablet 6X,SBL Pvt Ltd,4.6,933,fat,Aesculus Hippocastanum
Bjain Phytolacca Berry Mother Tincture Q,Bjain Pharmaceuticals Pvt Ltd,4.6,42,fat,Aesculus Hippocastanum
Dr Willmar Schwabe Germany Cineraria Maritima Schwabe Eye Drop Alcohol Free,Dr Willmar Schwabe India Pvt Ltd,4.5,74,eyes,Aesculus Hippocastanum
SBL Calcarea Fluorica Biochemic Tablet 6X,SBL Pvt Ltd,4.5,949,joint,Aesculus Hippocastanum
Bakson's Rheum Aid Tablet,Bakson's Homeopathy,4.6,141,joint,Calcarea phos
Bjain Terminalia Arjuna Mother Tincture Q,Bjain Pharmaceuticals Pvt Ltd,4.7,91,heart,Aesculus Hippocastanum
SBL Arnica Montana Dilution 200 CH,SBL Pvt Ltd,4.6,1677,eyes,Aesculus Hippocastanum
SBL Syzygium Jambolanum Mother Tincture Q,SBL Pvt Ltd,4.6,807,fat,Aesculus Hippocastanum
Dr Willmar Schwabe India Berberis Aquifolium Mother Tincture Q,Dr Willmar Schwabe India Pvt Ltd,4.3,684,eyes,Aesculus Hippocastanum
Dr Willmar Schwabe Germany Cineraria Maritima Without Alcohol Eye Drop,Dr Willmar Schwabe India Pvt Ltd,4.6,1148,eyes,Seneciobicolor (cineraria maritima)
Dr Batra's Homeo+ Immunity Medicine Oral Drops (30ml Each),Dr Batra Positive Health Products Limited,0,0,immunity,Thuja
SBL Arnica Montana Herbal Shampoo with TJC,SBL Pvt Ltd,4.4,679,hair,Arnica Dilution
Boericke and Tafel Arnica Shampoo,Dr Willmar Schwabe India Pvt Ltd,4.3,229,hair,Arnica
Dr. Reckeweg R78 Eye Care Drop,Dr Reckeweg & Co,4.4,103,eyes,Belladonna
Bjain Omeo Ear Drop,Bjain Pharmaceuticals Pvt Ltd,0,0,ears,Calendula officinalis 0.30ml
Bakson's Vitamin D Plus Capsule,Bakson's Homeopathy,4.4,116,immunity,Vitamin D
Hapdco Rheumacon Pain Relief Oil,HAPDCO,4.3,156,joint,Arnica
Fourrts Gum Forte Gel Homoeopathic Toothpaste,Fourrts India Laboratories Pvt Ltd,4.6,167,ears,Plantago Q
Dr Batra's Homeo+ Immunity Medicine Oral Drops (30ml Each),Dr Batra Positive Health Products Limited,0,0,immunity,Thuja
SBL Jaborandi Hair Oil,SBL Pvt Ltd,4.3,243,hair,Jaborandi herb
SBL Cineraria Maritima 10% Eye Drop,SBL Pvt Ltd,4.5,228,improve poor night vision,Aqua Distilled
ADEL Diacard Gold Madaus Drop Homeopathic Medicine,Adel Pekana Germany,4.6,315,heart,Cactus grandiflorus.2X
Bjain Guatteria Gaumeri Drop,Bjain Pharmaceuticals Pvt Ltd,4.6,213,fat,Guatteria Gaumeri
Bjain Guatteria Gaumeri Drop,Bjain Pharmaceuticals Pvt Ltd,4.6,213,fat,Guatteria Gaumeri
SBL Sarracenia Purpurea Dilution 1000 CH,SBL Pvt Ltd,4.8,24,eyes,Aesculus Hippocastanum
Dr. Reckeweg Calcarea Phosphorica Biochemic Tablet 6X,Dr Reckeweg & Co,4.7,797,ears,Calcarea phos
Dr Batra's Homeo+ Immunity Medicine Oral Drops (30ml Each),Dr Batra Positive Health Products Limited,0,0,immunity,Thuja
Dr. Reckeweg R41 Sexual Neurasthenia Drop,Dr Reckeweg & Co,4.1,974,fat,Acidum phosphoricum
Dr. Reckeweg R89 Hair Care Drop,Dr Reckeweg & Co,4.3,1113,hair, Juglans
Bakson's Y-Lax Tablet,Bakson's Homeopathy,4.5,586,body pain,Senna
Bjain Avena Sativa Mother Tincture Q,Bjain Pharmaceuticals Pvt Ltd,4.4,52,weakness,Avena Sativa
Dr Willmar Schwabe India Thyroidinum Trituration Tablet 3X,Dr Willmar Schwabe India Pvt Ltd,4.5,276,eyes,Thyroidinum 3X
SBL Stobal Cough Syrup,SBL Pvt Ltd,4.6,1159,cough,Aesculus Hippocastanum
Dr. Reckeweg Berberis Vul Mother Tincture Q,Dr Reckeweg & Co,4.5,621,body pain,Berberis vulgaris
Dr Batra's Homeo+ Immunity Medicine Oral Drops (30ml Each),Dr Batra Positive Health Products Limited,0,0,immunity,Thuja
Dr. Reckeweg R73 Joint Pain Drop,Dr Reckeweg & Co,4.5,564,joint,Arnica
Bakson's Y-Lax Tablet,Bakson's Homeopathy,4.5,586,body pain,Senna
Dr Willmar Schwabe India Damiaplant Drop,Dr Willmar Schwabe India Pvt Ltd,4,578,depression,Aesculus Hippocastanum
Bjain Omeo Allergy Tablet,Bjain Pharmaceuticals Pvt Ltd,4.1,42,eyes,Ferrum phosphoricum
SBL Arnica Montana Hair Oil with Tjc,SBL Pvt Ltd,4.4,555,hair,Thuja
Bakson's Throat Aid Tablet,Bakson's Homeopathy,4.5,422,cough,Ferrum phosphoricum
SBL Scalptone Tablet,SBL Pvt Ltd,4.3,305,hair,Calcarea phos
Bjain Omeo Mouth Ulcer Tablet,Bjain Pharmaceuticals Pvt Ltd,4.4,48,depression,Verbascum thapsus 0.10ml
SBL Nux Vomica Dilution 30 CH,SBL Pvt Ltd,4.6,1877,eyes,Aesculus Hippocastanum
SBL Clearstone Drop,SBL Pvt Ltd,4.5,762,body pain,Berberis vulgaris
Bakson's Aller Aid Tablet,Bakson's Homeopathy,4.5,534,heart,Ferrum phosphoricum
Bjain Lycopodium Clavatum Dilution 200 CH,Bjain Pharmaceuticals Pvt Ltd,4.7,45,body pain,Lycopodium clavatum
Bakson's Aller Aid Tablet,Bakson's Homeopathy,4.5,534,heart,Ferrum phosphoricum
Dr. Reckeweg R13 Hemorrhoidal Drop,Dr Reckeweg & Co,4.4,557,body pain,Acidum nitricum
Bhargava Spondin Drop,Bhargava Phytolab,4.6,902,body pain,Cuprum metallicium 6X
Bjain Baryta Carbonica Dilution 30 CH,Bjain Pharmaceuticals Pvt Ltd,4.8,29,weakness,Baryta Carb
SBL Berberis Vulgaris Mother Tincture Q,SBL Pvt Ltd,4.6,689,body pain,Aesculus Hippocastanum
Dr. Reckeweg R40 Diabetes Drop Homeopathic Medicine,Dr Reckeweg & Co,4.5,437,weakness,Acidum phosphoricum
SBL Kali Phosphoricum Biochemic Tablet 6X,SBL Pvt Ltd,4.6,933,fat,Aesculus Hippocastanum
Bjain Phytolacca Berry Mother Tincture Q,Bjain Pharmaceuticals Pvt Ltd,4.6,42,fat,Aesculus Hippocastanum
Dr Willmar Schwabe Germany Cineraria Maritima Schwabe Eye Drop Alcohol Free,Dr Willmar Schwabe India Pvt Ltd,4.5,74,eyes,Aesculus Hippocastanum
SBL Calcarea Fluorica Biochemic Tablet 6X,SBL Pvt Ltd,4.5,949,joint,Rauwolfia Serpentina
Bakson's Rheum Aid Tablet,Bakson's Homeopathy,4.6,141,joint,Calcarea phos
Bjain Terminalia Arjuna Mother Tincture Q,Bjain Pharmaceuticals Pvt Ltd,4.7,91,heart,Aesculus Hippocastanum
SBL Arnica Montana Dilution 200 CH,SBL Pvt Ltd,4.6,1677,eyes,Aesculus Hippocastanum
SBL Syzygium Jambolanum Mother Tincture Q,SBL Pvt Ltd,4.6,807,fat,Rauwolfia Serpentina
Dr Willmar Schwabe India Berberis Aquifolium Mother Tincture Q,Dr Willmar Schwabe India Pvt Ltd,4.3,684,eyes,Aesculus Hippocastanum
Dr Willmar Schwabe Germany Cineraria Maritima Without Alcohol Eye Drop,Dr Willmar Schwabe India Pvt Ltd,4.6,1148,eyes,Seneciobicolor (cineraria maritima)
Dr Batra's Homeo+ Immunity Medicine Oral Drops (30ml Each),Dr Batra Positive Health Products Limited,0,0,immunity,Thuja
SBL Arnica Montana Herbal Shampoo with TJC,SBL Pvt Ltd,4.4,679,hair,Rauwolfia Serpentina
Boericke and Tafel Arnica Shampoo,Dr Willmar Schwabe India Pvt Ltd,4.3,229,hair,Arnica
Dr. Reckeweg R78 Eye Care Drop,Dr Reckeweg & Co,4.4,103,eyes,Belladonna
Bjain Omeo Ear Drop,Bjain Pharmaceuticals Pvt Ltd,0,0,ears,Calendula officinalis 0.30ml
Bakson's Vitamin D Plus Capsule,Bakson's Homeopathy,4.4,116,immunity,Vitamin D
Hapdco Rheumacon Pain Relief Oil,HAPDCO,4.3,156,joint,Arnica
Fourrts Gum Forte Gel Homoeopathic Toothpaste,Fourrts India Laboratories Pvt Ltd,4.6,167,ears,Plantago Q
Dr Batra's Homeo+ Immunity Medicine Oral Drops (30ml Each),Dr Batra Positive Health Products Limited,0,0,immunity,Thuja
SBL Jaborandi Hair Oil,SBL Pvt Ltd,4.3,243,hair,Jaborandi herb
SBL Cineraria Maritima 10% Eye Drop,SBL Pvt Ltd,4.5,228,improve poor night vision,Aqua Distilled
ADEL Diacard Gold Madaus Drop Homeopathic Medicine,Adel Pekana Germany,4.6,315,heart,Cactus grandiflorus.2X
Bjain Guatteria Gaumeri Drop,Bjain Pharmaceuticals Pvt Ltd,4.6,213,fat,Guatteria Gaumeri
Bjain Guatteria Gaumeri Drop,Bjain Pharmaceuticals Pvt Ltd,4.6,213,fat,Guatteria Gaumeri
SBL Sarracenia Purpurea Dilution 1000 CH,SBL Pvt Ltd,4.8,24,eyes,Rauwolfia Serpentina
Dr. Reckeweg Calcarea Phosphorica Biochemic Tablet 6X,Dr Reckeweg & Co,4.7,797,ears,Calcarea phos
Dr Batra's Homeo+ Immunity Medicine Oral Drops (30ml Each),Dr Batra Positive Health Products Limited,0,0,immunity,Thuja
Dr. Reckeweg R41 Sexual Neurasthenia Drop,Dr Reckeweg & Co,4.1,974,fat,Acidum phosphoricum
Dr. Reckeweg R89 Hair Care Drop,Dr Reckeweg & Co,4.3,1113,hair, Juglans
Bakson's Y-Lax Tablet,Bakson's Homeopathy,4.5,586,body pain,Senna
Bjain Avena Sativa Mother Tincture Q,Bjain Pharmaceuticals Pvt Ltd,4.4,52,weakness,Avena Sativa
Dr Willmar Schwabe India Thyroidinum Trituration Tablet 3X,Dr Willmar Schwabe India Pvt Ltd,4.5,276,eyes,Thyroidinum 3X
SBL Stobal Cough Syrup,SBL Pvt Ltd,4.6,1160,cough,Rauwolfia Serpentina
Dr. Reckeweg Berberis Vul Mother Tincture Q,Dr Reckeweg & Co,4.5,621,body pain,Berberis vulgaris
Dr Batra's Homeo+ Immunity Medicine Oral Drops (30ml Each),Dr Batra Positive Health Products Limited,0,0,immunity,Thuja
Dr. Reckeweg R73 Joint Pain Drop,Dr Reckeweg & Co,4.5,564,joint,Arnica
Bakson's Y-Lax Tablet,Bakson's Homeopathy,4.5,586,body pain,Senna
Dr Willmar Schwabe India Damiaplant Drop,Dr Willmar Schwabe India Pvt Ltd,4,578,depression,Rauwolfia Serpentina
Bjain Omeo Allergy Tablet,Bjain Pharmaceuticals Pvt Ltd,4.1,42,eyes,Ferrum phosphoricum
SBL Arnica Montana Hair Oil with Tjc,SBL Pvt Ltd,4.4,555,hair,Thuja
Bakson's Throat Aid Tablet,Bakson's Homeopathy,4.5,422,cough,Ferrum phosphoricum
SBL Scalptone Tablet,SBL Pvt Ltd,4.3,305,hair,Calcarea phos
Bjain Omeo Mouth Ulcer Tablet,Bjain Pharmaceuticals Pvt Ltd,4.4,48,depression,Verbascum thapsus 0.10ml
SBL Nux Vomica Dilution 30 CH,SBL Pvt Ltd,4.6,1877,eyes,Rauwolfia Serpentina
SBL Clearstone Drop,SBL Pvt Ltd,4.5,762,body pain,Berberis vulgaris
Bakson's Aller Aid Tablet,Bakson's Homeopathy,4.5,534,heart,Ferrum phosphoricum
Bjain Lycopodium Clavatum Dilution 200 CH,Bjain Pharmaceuticals Pvt Ltd,4.7,45,body pain,Lycopodium clavatum
Bakson's Aller Aid Tablet,Bakson's Homeopathy,4.5,534,heart,Ferrum phosphoricum
Dr. Reckeweg R13 Hemorrhoidal Drop,Dr Reckeweg & Co,4.4,557,body pain,Acidum nitricum
Bhargava Spondin Drop,Bhargava Phytolab,4.6,902,body pain,Cuprum metallicium 6X
Bjain Baryta Carbonica Dilution 30 CH,Bjain Pharmaceuticals Pvt Ltd,4.8,29,weakness,Baryta Carb
SBL Berberis Vulgaris Mother Tincture Q,SBL Pvt Ltd,4.6,689,body pain,Arnica Dilution
Dr. Reckeweg R40 Diabetes Drop Homeopathic Medicine,Dr Reckeweg & Co,4.5,437,weakness,Acidum phosphoricum
SBL Kali Phosphoricum Biochemic Tablet 6X,SBL Pvt Ltd,4.6,933,fat,Arnica Dilution
Bjain Phytolacca Berry Mother Tincture Q,Bjain Pharmaceuticals Pvt Ltd,4.6,42,fat,Rauwolfia Serpentina
Dr Willmar Schwabe Germany Cineraria Maritima Schwabe Eye Drop Alcohol Free,Dr Willmar Schwabe India Pvt Ltd,4.5,74,eyes,Arnica Dilution
SBL Calcarea Fluorica Biochemic Tablet 6X,SBL Pvt Ltd,4.5,949,joint,Arnica Dilution
Bakson's Rheum Aid Tablet,Bakson's Homeopathy,4.6,141,joint,Calcarea phos
Bjain Terminalia Arjuna Mother Tincture Q,Bjain Pharmaceuticals Pvt Ltd,4.7,91,heart,Resorcinum 1X 36.0mg
SBL Arnica Montana Dilution 200 CH,SBL Pvt Ltd,4.6,1677,eyes,Rauwolfia Serpentina
SBL Syzygium Jambolanum Mother Tincture Q,SBL Pvt Ltd,4.6,807,fat,Resorcinum 1X 36.0mg
Dr Willmar Schwabe India Berberis Aquifolium Mother Tincture Q,Dr Willmar Schwabe India Pvt Ltd,4.3,684,eyes,Resorcinum 1X 36.0mg
Dr Willmar Schwabe Germany Cineraria Maritima Without Alcohol Eye Drop,Dr Willmar Schwabe India Pvt Ltd,4.6,1148,eyes,Seneciobicolor (cineraria maritima)
Dr Batra's Homeo+ Immunity Medicine Oral Drops (30ml Each),Dr Batra Positive Health Products Limited,0,0,immunity,Thuja
SBL Arnica Montana Herbal Shampoo with TJC,SBL Pvt Ltd,4.4,679,hair,Rauwolfia Serpentina
Boericke and Tafel Arnica Shampoo,Dr Willmar Schwabe India Pvt Ltd,4.3,229,hair,Arnica
Dr. Reckeweg R78 Eye Care Drop,Dr Reckeweg & Co,4.4,103,eyes,Belladonna
Bjain Omeo Ear Drop,Bjain Pharmaceuticals Pvt Ltd,0,0,ears,Calendula officinalis 0.30ml
Bakson's Vitamin D Plus Capsule,Bakson's Homeopathy,4.4,116,immunity,Vitamin D
Hapdco Rheumacon Pain Relief Oil,HAPDCO,4.3,156,joint,Arnica
Fourrts Gum Forte Gel Homoeopathic Toothpaste,Fourrts India Laboratories Pvt Ltd,4.6,167,ears,Plantago Q
Dr Batra's Homeo+ Immunity Medicine Oral Drops (30ml Each),Dr Batra Positive Health Products Limited,0,0,immunity,Thuja
SBL Jaborandi Hair Oil,SBL Pvt Ltd,4.3,243,hair,Jaborandi herb
SBL Cineraria Maritima 10% Eye Drop,SBL Pvt Ltd,4.5,228,improve poor night vision,Aqua Distilled
ADEL Diacard Gold Madaus Drop Homeopathic Medicine,Adel Pekana Germany,4.6,315,heart,Cactus grandiflorus.2X
Bjain Guatteria Gaumeri Drop,Bjain Pharmaceuticals Pvt Ltd,4.6,213,fat,Guatteria Gaumeri
Bjain Guatteria Gaumeri Drop,Bjain Pharmaceuticals Pvt Ltd,4.6,213,fat,Guatteria Gaumeri
SBL Sarracenia Purpurea Dilution 1000 CH,SBL Pvt Ltd,4.8,24,eyes,Rauwolfia Serpentina
Dr. Reckeweg Calcarea Phosphorica Biochemic Tablet 6X,Dr Reckeweg & Co,4.7,797,ears,Calcarea phos
Dr Batra's Homeo+ Immunity Medicine Oral Drops (30ml Each),Dr Batra Positive Health Products Limited,0,0,immunity,Thuja
Dr. Reckeweg R41 Sexual Neurasthenia Drop,Dr Reckeweg & Co,4.1,974,fat,Acidum phosphoricum
Dr. Reckeweg R89 Hair Care Drop,Dr Reckeweg & Co,4.3,1113,hair, Juglans
Bakson's Y-Lax Tablet,Bakson's Homeopathy,4.5,586,body pain,Senna
Bjain Avena Sativa Mother Tincture Q,Bjain Pharmaceuticals Pvt Ltd,4.4,52,weakness,Avena Sativa
Dr Willmar Schwabe India Thyroidinum Trituration Tablet 3X,Dr Willmar Schwabe India Pvt Ltd,4.5,276,eyes,Thyroidinum 3X
SBL Stobal Cough Syrup,SBL Pvt Ltd,4.6,1159,cough,Rauwolfia Serpentina
Dr. Reckeweg Berberis Vul Mother Tincture Q,Dr Reckeweg & Co,4.5,621,body pain,Berberis vulgaris
Dr Batra's Homeo+ Immunity Medicine Oral Drops (30ml Each),Dr Batra Positive Health Products Limited,0,0,immunity,Thuja
Dr. Reckeweg R73 Joint Pain Drop,Dr Reckeweg & Co,4.5,564,joint,Arnica
Bakson's Y-Lax Tablet,Bakson's Homeopathy,4.5,586,body pain,Senna
Dr Willmar Schwabe India Damiaplant Drop,Dr Willmar Schwabe India Pvt Ltd,4,578,depression,Rauwolfia Serpentina
Bjain Omeo Allergy Tablet,Bjain Pharmaceuticals Pvt Ltd,4.1,42,eyes,Ferrum phosphoricum
SBL Arnica Montana Hair Oil with Tjc,SBL Pvt Ltd,4.4,555,hair,Thuja
Bakson's Throat Aid Tablet,Bakson's Homeopathy,4.5,422,cough,Ferrum phosphoricum
SBL Scalptone Tablet,SBL Pvt Ltd,4.3,305,hair,Calcarea phos
Bjain Omeo Mouth Ulcer Tablet,Bjain Pharmaceuticals Pvt Ltd,4.4,48,depression,Verbascum thapsus 0.10ml
SBL Nux Vomica Dilution 30 CH,SBL Pvt Ltd,4.6,1877,eyes,Rauwolfia Serpentina
SBL Clearstone Drop,SBL Pvt Ltd,4.5,762,body pain,Berberis vulgaris
Bakson's Aller Aid Tablet,Bakson's Homeopathy,4.5,534,heart,Ferrum phosphoricum
Bjain Lycopodium Clavatum Dilution 200 CH,Bjain Pharmaceuticals Pvt Ltd,4.7,45,body pain,Lycopodium clavatum
Bakson's Aller Aid Tablet,Bakson's Homeopathy,4.5,534,heart,Ferrum phosphoricum
Dr. Reckeweg R13 Hemorrhoidal Drop,Dr Reckeweg & Co,4.4,557,body pain,Acidum nitricum
Bhargava Spondin Drop,Bhargava Phytolab,4.6,902,body pain,Cuprum metallicium 6X
Bjain Baryta Carbonica Dilution 30 CH,Bjain Pharmaceuticals Pvt Ltd,4.8,29,weakness,Baryta Carb
SBL Berberis Vulgaris Mother Tincture Q,SBL Pvt Ltd,4.6,689,body pain,Rauwolfia Serpentina
Dr. Reckeweg R40 Diabetes Drop Homeopathic Medicine,Dr Reckeweg & Co,4.5,437,weakness,Acidum phosphoricum
SBL Kali Phosphoricum Biochemic Tablet 6X,SBL Pvt Ltd,4.6,933,fat,Resorcinum 1X 36.0mg
Bjain Phytolacca Berry Mother Tincture Q,Bjain Pharmaceuticals Pvt Ltd,4.6,42,fat,Rauwolfia Serpentina
Dr Willmar Schwabe Germany Cineraria Maritima Schwabe Eye Drop Alcohol Free,Dr Willmar Schwabe India Pvt Ltd,4.5,74,eyes,Resorcinum 1X 36.0mg
SBL Calcarea Fluorica Biochemic Tablet 6X,SBL Pvt Ltd,4.5,949,joint,Rauwolfia Serpentina
Bakson's Rheum Aid Tablet,Bakson's Homeopathy,4.6,141,joint,Calcarea phos
Bjain Terminalia Arjuna Mother Tincture Q,Bjain Pharmaceuticals Pvt Ltd,4.7,91,heart,Ferrum Phosphoricum
SBL Arnica Montana Dilution 200 CH,SBL Pvt Ltd,4.6,1677,eyes,Ferrum Phosphoricum
SBL Syzygium Jambolanum Mother Tincture Q,SBL Pvt Ltd,4.6,807,fat,Ferrum Phosphoricum
Dr Willmar Schwabe India Berberis Aquifolium Mother Tincture Q,Dr Willmar Schwabe India Pvt Ltd,4.3,684,eyes,Ferrum Phosphoricum
Dr Willmar Schwabe Germany Cineraria Maritima Without Alcohol Eye Drop,Dr Willmar Schwabe India Pvt Ltd,4.6,1148,eyes,Seneciobicolor (cineraria maritima)
Dr Batra's Homeo+ Immunity Medicine Oral Drops (30ml Each),Dr Batra Positive Health Products Limited,0,0,immunity,Thuja
SBL Arnica Montana Herbal Shampoo with TJC,SBL Pvt Ltd,4.4,679,hair,Ferrum Phosphoricum
Boericke and Tafel Arnica Shampoo,Dr Willmar Schwabe India Pvt Ltd,4.3,229,hair,Arnica
Dr. Reckeweg R78 Eye Care Drop,Dr Reckeweg & Co,4.4,103,eyes,Belladonna
Bjain Omeo Ear Drop,Bjain Pharmaceuticals Pvt Ltd,0,0,ears,Calendula officinalis 0.30ml
Bakson's Vitamin D Plus Capsule,Bakson's Homeopathy,4.4,116,immunity,Vitamin D
Hapdco Rheumacon Pain Relief Oil,HAPDCO,4.3,156,joint,Arnica
Fourrts Gum Forte Gel Homoeopathic Toothpaste,Fourrts India Laboratories Pvt Ltd,4.6,167,ears,Plantago Q
Dr Batra's Homeo+ Immunity Medicine Oral Drops (30ml Each),Dr Batra Positive Health Products Limited,0,0,immunity,Thuja
SBL Jaborandi Hair Oil,SBL Pvt Ltd,4.3,243,hair,Jaborandi herb
SBL Cineraria Maritima 10% Eye Drop,SBL Pvt Ltd,4.5,228,improve poor night vision,Aqua Distilled
ADEL Diacard Gold Madaus Drop Homeopathic Medicine,Adel Pekana Germany,4.6,315,heart,Cactus grandiflorus.2X
Bjain Guatteria Gaumeri Drop,Bjain Pharmaceuticals Pvt Ltd,4.6,213,fat,Guatteria Gaumeri
Bjain Guatteria Gaumeri Drop,Bjain Pharmaceuticals Pvt Ltd,4.6,213,fat,Guatteria Gaumeri
SBL Sarracenia Purpurea Dilution 1000 CH,SBL Pvt Ltd,4.8,24,eyes,Ferrum Phosphoricum
Dr. Reckeweg Calcarea Phosphorica Biochemic Tablet 6X,Dr Reckeweg & Co,4.7,797,ears,Calcarea phos
Dr Batra's Homeo+ Immunity Medicine Oral Drops (30ml Each),Dr Batra Positive Health Products Limited,0,0,immunity,Thuja
Dr. Reckeweg R41 Sexual Neurasthenia Drop,Dr Reckeweg & Co,4.1,974,fat,Acidum phosphoricum
Dr. Reckeweg R89 Hair Care Drop,Dr Reckeweg & Co,4.3,1113,hair, Juglans
Bakson's Y-Lax Tablet,Bakson's Homeopathy,4.5,586,body pain,Senna
Bjain Avena Sativa Mother Tincture Q,Bjain Pharmaceuticals Pvt Ltd,4.4,52,weakness,Avena Sativa
Dr Willmar Schwabe India Thyroidinum Trituration Tablet 3X,Dr Willmar Schwabe India Pvt Ltd,4.5,276,eyes,Thyroidinum 3X
SBL Stobal Cough Syrup,SBL Pvt Ltd,4.6,1159,cough,Ferrum Phosphoricum
Dr. Reckeweg Berberis Vul Mother Tincture Q,Dr Reckeweg & Co,4.5,621,body pain,Berberis vulgaris
Dr Batra's Homeo+ Immunity Medicine Oral Drops (30ml Each),Dr Batra Positive Health Products Limited,0,0,immunity,Thuja
Dr. Reckeweg R73 Joint Pain Drop,Dr Reckeweg & Co,4.5,564,joint,Arnica
Bakson's Y-Lax Tablet,Bakson's Homeopathy,4.5,586,body pain,Senna
Dr Willmar Schwabe India Damiaplant Drop,Dr Willmar Schwabe India Pvt Ltd,4,578,depression,Ferrum Phosphoricum
Bjain Omeo Allergy Tablet,Bjain Pharmaceuticals Pvt Ltd,4.1,42,eyes,Ferrum phosphoricum
SBL Arnica Montana Hair Oil with Tjc,SBL Pvt Ltd,4.4,555,hair,Thuja
Bakson's Throat Aid Tablet,Bakson's Homeopathy,4.5,422,cough,Ferrum phosphoricum
SBL Scalptone Tablet,SBL Pvt Ltd,4.3,305,hair,Calcarea phos
Bjain Omeo Mouth Ulcer Tablet,Bjain Pharmaceuticals Pvt Ltd,4.4,48,depression,Verbascum thapsus 0.10ml
SBL Nux Vomica Dilution 30 CH,SBL Pvt Ltd,4.6,1877,eyes,Placenta
SBL Clearstone Drop,SBL Pvt Ltd,4.5,762,body pain,Berberis vulgaris
Bakson's Aller Aid Tablet,Bakson's Homeopathy,4.5,534,heart,Ferrum phosphoricum
Bjain Lycopodium Clavatum Dilution 200 CH,Bjain Pharmaceuticals Pvt Ltd,4.7,45,body pain,Lycopodium clavatum
Bakson's Aller Aid Tablet,Bakson's Homeopathy,4.5,534,heart,Ferrum phosphoricum
Dr. Reckeweg R13 Hemorrhoidal Drop,Dr Reckeweg & Co,4.4,557,body pain,Acidum nitricum
Bhargava Spondin Drop,Bhargava Phytolab,4.6,902,body pain,Cuprum metallicium 6X
Bjain Baryta Carbonica Dilution 30 CH,Bjain Pharmaceuticals Pvt Ltd,4.8,29,weakness,Baryta Carb
SBL Berberis Vulgaris Mother Tincture Q,SBL Pvt Ltd,4.6,689,body pain,Placenta
Dr. Reckeweg R40 Diabetes Drop Homeopathic Medicine,Dr Reckeweg & Co,4.5,437,weakness,Acidum phosphoricum
SBL Kali Phosphoricum Biochemic Tablet 6X,SBL Pvt Ltd,4.6,933,fat,Mezereum
Bjain Phytolacca Berry Mother Tincture Q,Bjain Pharmaceuticals Pvt Ltd,4.6,42,fat,Placenta
Dr Willmar Schwabe Germany Cineraria Maritima Schwabe Eye Drop Alcohol Free,Dr Willmar Schwabe India Pvt Ltd,4.5,74,eyes,Placenta
SBL Calcarea Fluorica Biochemic Tablet 6X,SBL Pvt Ltd,4.5,949,joint,Mezereum
Bakson's Rheum Aid Tablet,Bakson's Homeopathy,4.6,141,joint,Calcarea phos
Bjain Terminalia Arjuna Mother Tincture Q,Bjain Pharmaceuticals Pvt Ltd,4.7,91,heart,Mezereum
SBL Arnica Montana Dilution 200 CH,SBL Pvt Ltd,4.6,1677,eyes,Placenta
SBL Syzygium Jambolanum Mother Tincture Q,SBL Pvt Ltd,4.6,807,fat,Placenta
Dr Willmar Schwabe India Berberis Aquifolium Mother Tincture Q,Dr Willmar Schwabe India Pvt Ltd,4.3,684,eyes,Mezereum
Dr Willmar Schwabe Germany Cineraria Maritima Without Alcohol Eye Drop,Dr Willmar Schwabe India Pvt Ltd,4.6,1148,eyes,Seneciobicolor (cineraria maritima)
Dr Batra's Homeo+ Immunity Medicine Oral Drops (30ml Each),Dr Batra Positive Health Products Limited,0,0,immunity,Thuja
SBL Arnica Montana Herbal Shampoo with TJC,SBL Pvt Ltd,4.4,679,hair,Placenta
Boericke and Tafel Arnica Shampoo,Dr Willmar Schwabe India Pvt Ltd,4.3,229,hair,Arnica
Dr. Reckeweg R78 Eye Care Drop,Dr Reckeweg & Co,4.4,103,eyes,Belladonna
Bjain Omeo Ear Drop,Bjain Pharmaceuticals Pvt Ltd,0,0,ears,Calendula officinalis 0.30ml
Bakson's Vitamin D Plus Capsule,Bakson's Homeopathy,4.4,116,immunity,Vitamin D
Hapdco Rheumacon Pain Relief Oil,HAPDCO,4.3,156,joint,Arnica
Fourrts Gum Forte Gel Homoeopathic Toothpaste,Fourrts India Laboratories Pvt Ltd,4.6,167,ears,Plantago Q
Dr Batra's Homeo+ Immunity Medicine Oral Drops (30ml Each),Dr Batra Positive Health Products Limited,0,0,immunity,Thuja
SBL Jaborandi Hair Oil,SBL Pvt Ltd,4.3,243,hair,Jaborandi herb
SBL Cineraria Maritima 10% Eye Drop,SBL Pvt Ltd,4.5,228,improve poor night vision,Aqua Distilled
ADEL Diacard Gold Madaus Drop Homeopathic Medicine,Adel Pekana Germany,4.6,315,heart,Cactus grandiflorus.2X
Bjain Guatteria Gaumeri Drop,Bjain Pharmaceuticals Pvt Ltd,4.6,213,fat,Guatteria Gaumeri
Bjain Guatteria Gaumeri Drop,Bjain Pharmaceuticals Pvt Ltd,4.6,213,fat,Guatteria Gaumeri
SBL Sarracenia Purpurea Dilution 1000 CH,SBL Pvt Ltd,4.8,24,eyes,Ferrum Phosphoricum
Dr. Reckeweg Calcarea Phosphorica Biochemic Tablet 6X,Dr Reckeweg & Co,4.7,797,ears,Calcarea phos
Dr Batra's Homeo+ Immunity Medicine Oral Drops (30ml Each),Dr Batra Positive Health Products Limited,0,0,immunity,Thuja
Dr. Reckeweg R41 Sexual Neurasthenia Drop,Dr Reckeweg & Co,4.1,974,fat,Acidum phosphoricum
Dr. Reckeweg R89 Hair Care Drop,Dr Reckeweg & Co,4.3,1113,hair, Juglans
Bakson's Y-Lax Tablet,Bakson's Homeopathy,4.5,586,body pain,Senna
Bjain Avena Sativa Mother Tincture Q,Bjain Pharmaceuticals Pvt Ltd,4.4,52,weakness,Avena Sativa
Dr Willmar Schwabe India Thyroidinum Trituration Tablet 3X,Dr Willmar Schwabe India Pvt Ltd,4.5,276,eyes,Thyroidinum 3X
SBL Stobal Cough Syrup,SBL Pvt Ltd,4.6,1160,cough,Mezereum
Dr. Reckeweg Berberis Vul Mother Tincture Q,Dr Reckeweg & Co,4.5,621,body pain,Berberis vulgaris
Dr Batra's Homeo+ Immunity Medicine Oral Drops (30ml Each),Dr Batra Positive Health Products Limited,0,0,immunity,Thuja
Dr. Reckeweg R73 Joint Pain Drop,Dr Reckeweg & Co,4.5,564,joint,Arnica
Bakson's Y-Lax Tablet,Bakson's Homeopathy,4.5,586,body pain,Senna
Dr Willmar Schwabe India Damiaplant Drop,Dr Willmar Schwabe India Pvt Ltd,4,578,depression,Mezereum
Bjain Omeo Allergy Tablet,Bjain Pharmaceuticals Pvt Ltd,4.1,42,eyes,Ferrum phosphoricum
SBL Arnica Montana Hair Oil with Tjc,SBL Pvt Ltd,4.4,555,hair,Thuja
Bakson's Throat Aid Tablet,Bakson's Homeopathy,4.5,422,cough,Ferrum phosphoricum
SBL Scalptone Tablet,SBL Pvt Ltd,4.3,305,hair,Calcarea phos
Bjain Omeo Mouth Ulcer Tablet,Bjain Pharmaceuticals Pvt Ltd,4.4,48,depression,Verbascum thapsus 0.10ml
SBL Nux Vomica Dilution 30 CH,SBL Pvt Ltd,4.6,1877,eyes,Mezereum
SBL Clearstone Drop,SBL Pvt Ltd,4.5,762,body pain,Berberis vulgaris
Bakson's Aller Aid Tablet,Bakson's Homeopathy,4.5,534,heart,Ferrum phosphoricum
Bjain Lycopodium Clavatum Dilution 200 CH,Bjain Pharmaceuticals Pvt Ltd,4.7,45,body pain,Lycopodium clavatum
Bakson's Aller Aid Tablet,Bakson's Homeopathy,4.5,534,heart,Ferrum phosphoricum
Dr. Reckeweg R13 Hemorrhoidal Drop,Dr Reckeweg & Co,4.4,557,body pain,Acidum nitricum
Bhargava Spondin Drop,Bhargava Phytolab,4.6,902,body pain,Cuprum metallicium 6X
Bjain Baryta Carbonica Dilution 30 CH,Bjain Pharmaceuticals Pvt Ltd,4.8,29,weakness,Baryta Carb
SBL Berberis Vulgaris Mother Tincture Q,SBL Pvt Ltd,4.6,689,body pain,Mezereum
Dr. Reckeweg R40 Diabetes Drop Homeopathic Medicine,Dr Reckeweg & Co,4.5,437,weakness,Acidum phosphoricum
SBL Kali Phosphoricum Biochemic Tablet 6X,SBL Pvt Ltd,4.6,933,fat,Mezereum
Bjain Phytolacca Berry Mother Tincture Q,Bjain Pharmaceuticals Pvt Ltd,4.6,42,fat,Acidum phosphoricum
Dr Willmar Schwabe Germany Cineraria Maritima Schwabe Eye Drop Alcohol Free,Dr Willmar Schwabe India Pvt Ltd,4.5,74,eyes,Baryta Carb
SBL Calcarea Fluorica Biochemic Tablet 6X,SBL Pvt Ltd,4.5,949,joint,Lycopodium clavatum
Bakson's Rheum Aid Tablet,Bakson's Homeopathy,4.6,141,joint,Calcarea phos
Bjain Terminalia Arjuna Mother Tincture Q,Bjain Pharmaceuticals Pvt Ltd,4.7,91,heart,Mezereum
SBL Arnica Montana Dilution 200 CH,SBL Pvt Ltd,4.6,1677,eyes,Mezereum
SBL Syzygium Jambolanum Mother Tincture Q,SBL Pvt Ltd,4.6,807,fat,Baryta Carb
